id,textOfTweet,userScreenName,followers,isRetweet,statusId,userId,timestamp
1,"@neymarjr @Uelinton___ Toca a bola",Tisso__,813,false,916359869455847424,3123615706,"2017-10-06 12:49:52"
2,"RT @RomeluLukaku9: United  ! @ManUtd https://t.co/lNsQs0Sc2c",Silasobzzy2,8,true,916359870600925185,890694492730392578,"2017-10-06 12:49:52"
3,"@3gerardpique No me asusten as , por favor! Seguir  cantando https://t.co/56JjTCf5n6",la_portella,41628,false,916359875470479360,50907102,"2017-10-06 12:49:54"
4,"RT @3gerardpique:        https://t.co/l0ctSvB4CD",MVedruna,13,true,916359876007415810,910580214551515137,"2017-10-06 12:49:54"
5,"@Cristiano @EASPORTSFIFA Greatest advert for a FIFA game!     I don't often do skill moves in game but I'll try thi  https://t.co/BCQuSVLUaZ",CarefreeTom_182,1201,false,916359883649376256,39816034,"2017-10-06 12:49:56"
6,"RT @LuisSuarez9: Always ready with @adidasfootball    Siempre listo con adidas   #X17 #HereToCreate https://t.co/Y5165DDj2u",Silasobzzy2,8,true,916359888670023682,890694492730392578,"2017-10-06 12:49:57"
7,"RT @neymarjr: #GaGaMilano @GaGaMilanoWorld https://t.co/abthpuzwqb",Silasobzzy2,8,true,916359891924680707,890694492730392578,"2017-10-06 12:49:58"
8,"RT @3gerardpique:        https://t.co/l0ctSvB4CD",DBieber98,804,true,916359894340472837,1881693272,"2017-10-06 12:49:58"
9,"RT @3gerardpique:        https://t.co/l0ctSvB4CD",lili_bdn,452,true,916359903668731904,2162919754,"2017-10-06 12:50:00"
10,"RT @3gerardpique:        https://t.co/l0ctSvB4CD",nandombravo,1832,true,916359915710615552,195005813,"2017-10-06 12:50:03"
11,"@3gerardpique        https://t.co/NgAu9FmNUy",iMzMzi,13160,false,916359933666439169,953413290,"2017-10-06 12:50:07"
12,"RT @3gerardpique:        https://t.co/l0ctSvB4CD",fawaz_kwt93,1796,true,916359936812179456,596306948,"2017-10-06 12:50:08"
13,"RT @3gerardpique:        https://t.co/l0ctSvB4CD",LouisVerbrugge,213,true,916359947025305601,4614619942,"2017-10-06 12:50:11"
14,"RT @3gerardpique:        https://t.co/l0ctSvB4CD",carpwilk,813,true,916359958127661056,862131055,"2017-10-06 12:50:13"
15,"RT @3gerardpique:        https://t.co/l0ctSvB4CD",Marcfortuny,243,true,916359961227259912,192009485,"2017-10-06 12:50:14"
16,"RT @3gerardpique:        https://t.co/l0ctSvB4CD",AleexFajardo,308,true,916359979841359873,105026649,"2017-10-06 12:50:18"
17,"RT @neymarjr: Que Deus nos aben oe e nos proteja     
God belas and protect us      https://t.co/XXQk3Ah9uU",brendamichell4,174,true,916359983800967169,552991414,"2017-10-06 12:50:19"
18,"RT @3gerardpique:        https://t.co/l0ctSvB4CD",shakira_nz,262,true,916359992680124416,797337029629472768,"2017-10-06 12:50:22"
19,"RT @3gerardpique:        https://t.co/l0ctSvB4CD",melissaagalindo,494,true,916359992743149568,538572254,"2017-10-06 12:50:22"
20,"RT @3gerardpique:        https://t.co/l0ctSvB4CD",PulgaDoubleBeng,303,true,916359996971069440,309114331,"2017-10-06 12:50:23"
21,"RT @3gerardpique:        https://t.co/l0ctSvB4CD",GabyE_05,774,true,916360007708536832,1303976316,"2017-10-06 12:50:25"
22,"@neymarjr Neymar injured https://t.co/9bR1XJsoUx",egemercan100,4,false,916360032392024065,914240298477342722,"2017-10-06 12:50:31"
23,"RT @3gerardpique:        https://t.co/l0ctSvB4CD",brunoleoribeiro,1550,true,916360045541064704,91106374,"2017-10-06 12:50:34"
24,"RT @3gerardpique:        https://t.co/l0ctSvB4CD",lour_9806,524,true,916360073559060480,4894873418,"2017-10-06 12:50:41"
25,"@3gerardpique Hace una semana, los colores de Catalunya",HermelQuintana,1100,false,916360079242399745,260377201,"2017-10-06 12:50:42"
26,"@3gerardpique                                            ",fawaz_kwt93,1796,false,916360081675051008,596306948,"2017-10-06 12:50:43"
27,"RT @Cristiano: Read my story on @Playerstribune.
Find out more: https://t.co/kMPu6WwQKz
#Mercurial #CR7 #NikeFootball https://t.co/Hm6Dt18D ",bombin87,488,true,916360090407657472,618642077,"2017-10-06 12:50:45"
28,"RT @3gerardpique:        https://t.co/l0ctSvB4CD",MUFC_H1878,706,true,916360130702331911,1463265708,"2017-10-06 12:50:54"
29,"RT @Cristiano:    https://t.co/7dDGhK1pxZ",bombin87,488,true,916360134791704576,618642077,"2017-10-06 12:50:55"
30,"RT @neymarjr: Muita mela  o !! Gosto de mais A  O",bridgeskcc,1302,true,916360146518970370,2399872226,"2017-10-06 12:50:58"
31,"RT @3gerardpique:        https://t.co/l0ctSvB4CD",EduRoodrig,1786,true,916360148960112641,723867756,"2017-10-06 12:50:59"
32,"RT @Cristiano: Match day tomorrow. Let s do this   #Mercurial #CR7 #NikeFootball 
available on https://t.co/gqzYq3gxeU, September  ",bombin87,488,true,916360154114936832,618642077,"2017-10-06 12:51:00"
33,"@3gerardpique Us estimem junts!! Q no marxi @shakira !!  ",MontseTeule,19,false,916360154672754690,239337388,"2017-10-06 12:51:00"
34,"RT @3gerardpique:        https://t.co/l0ctSvB4CD",LoliPier,124,true,916360167398281222,718167675483131906,"2017-10-06 12:51:03"
35,"@3gerardpique Posted 1h ago sorry @messipeters",peacexxanna,1431,false,916360176285954048,79527681,"2017-10-06 12:51:05"
36,"RT @3gerardpique:        https://t.co/l0ctSvB4CD",Cris1971SanPas,11,true,916360182866817024,900017814022610944,"2017-10-06 12:51:07"
37,"RT @AnthonyMartial:    @FootLockerEU #approved https://t.co/Xs5BOr9qbt",gabbyjay2000,4,true,916360205276991489,909574337937715200,"2017-10-06 12:51:12"
38,"RT @Cristiano:        https://t.co/5qzZSLYeq9",manu_pinto11,561,true,916360210020790274,3087100292,"2017-10-06 12:51:13"
39,"RT @3gerardpique:        https://t.co/l0ctSvB4CD",Barcainmyblood1,183,true,916360211031646208,3188070756,"2017-10-06 12:51:14"
40,"@neymarjr    ",LXgs0z0qrqomnO1,3,false,916360215309758464,909360248183541760,"2017-10-06 12:51:15"
41,"RT @3gerardpique:        https://t.co/l0ctSvB4CD",ELFCBESTUPADRE,1577,true,916360220980498435,305818375,"2017-10-06 12:51:16"
42,"RT @3gerardpique:        https://t.co/l0ctSvB4CD",gonzalo_acedo,33,true,916360222536601600,852991984058978305,"2017-10-06 12:51:16"
43,"RT @3gerardpique:        https://t.co/l0ctSvB4CD",RoroAlMasre,6712,true,916360246070857728,582168447,"2017-10-06 12:51:22"
44,"RT @3gerardpique:        https://t.co/l0ctSvB4CD",MariamulataCTG,211,true,916360246343405568,297731514,"2017-10-06 12:51:22"
45,"RT @3gerardpique:        https://t.co/l0ctSvB4CD",tbrito_,1363,true,916360254761439232,231020893,"2017-10-06 12:51:24"
46,"RT @julia_otero:  Alguien puede defender  esto? https://t.co/WOVIYCnmAS",Barcainmyblood1,183,true,916360259152875520,3188070756,"2017-10-06 12:51:25"
47,"@Cristiano https://t.co/uyePcJg6JS",nazreeamjah,1571,false,916360261283463168,311602425,"2017-10-06 12:51:26"
48,"RT @neymarjr: Que Deus nos aben oe e nos proteja     
God belas and protect us      https://t.co/XXQk3Ah9uU",manu_pinto11,561,true,916360274935996416,3087100292,"2017-10-06 12:51:29"
49,"RT @3gerardpique:        https://t.co/l0ctSvB4CD",Celilizeer,733,true,916360290924683265,806110933890306048,"2017-10-06 12:51:33"
50,"RT @3gerardpique:        https://t.co/l0ctSvB4CD",pnoguepalou,17,true,916360298642247680,2204522906,"2017-10-06 12:51:35"
51,"RT @3gerardpique:        https://t.co/l0ctSvB4CD",YKhalifa94,72,true,916360299502014464,1442157350,"2017-10-06 12:51:35"
52,"RT @Cristiano:        https://t.co/5qzZSLYeq9",muhdamin199,1,true,916360332427239426,840875420585091073,"2017-10-06 12:51:43"
53,"RT @3gerardpique:        https://t.co/l0ctSvB4CD",dsprayorelsan,2028,true,916360348890001408,2647464869,"2017-10-06 12:51:46"
54,"RT @3gerardpique:        https://t.co/l0ctSvB4CD",samuyts_,477,true,916360355680587776,1442118283,"2017-10-06 12:51:48"
55,"RT @3gerardpique: Ja he votat. Junts som imparables defensant la democr cia. https://t.co/mGXf7Qj1TM",ITS_JESSE_19,703,true,916360365260206080,305388967,"2017-10-06 12:51:50"
56,"RT @3gerardpique:        https://t.co/l0ctSvB4CD",AboSeif90,1564,true,916360366745104386,551516959,"2017-10-06 12:51:51"
57,"RT @D_DeGea: Ma ana todos juntos   vs    
@SeFutbol https://t.co/V3T8hsFfAu",brammasto_ag,441,true,916360400559468544,625632318,"2017-10-06 12:51:59"
58,"RT @3gerardpique:        https://t.co/l0ctSvB4CD",_BlancaNievez,566,true,916360402585387008,215394009,"2017-10-06 12:51:59"
59,"RT @3gerardpique:        https://t.co/l0ctSvB4CD",Rolixccai,647,true,916360408667119616,567939260,"2017-10-06 12:52:01"
60,"RT @3gerardpique:        https://t.co/l0ctSvB4CD",FirminoShot,277,true,916360412014284801,889963670779961344,"2017-10-06 12:52:02"
61,"RT @3gerardpique:        https://t.co/l0ctSvB4CD",jurgenaluvthis,199,true,916360416158240768,3011060782,"2017-10-06 12:52:03"
62,"RT @3gerardpique:        https://t.co/l0ctSvB4CD",Shakifan5H,532,true,916360419379433472,2653936654,"2017-10-06 12:52:03"
63,"@3gerardpique @shbnmmmm fb.da bunlara gore nrht oldugunu gordum))",leo_umid,110,false,916360425754808320,491438704,"2017-10-06 12:52:05"
64,"RT @3gerardpique:        https://t.co/l0ctSvB4CD",fabiolamitree,913,true,916360433660858368,1649692970,"2017-10-06 12:52:07"
65,"RT @3gerardpique:        https://t.co/l0ctSvB4CD",JooseH01,130,true,916360442091630592,333141519,"2017-10-06 12:52:09"
66,"RT @3gerardpique:        https://t.co/l0ctSvB4CD",robercrazy94,330,true,916360445384101888,929513173,"2017-10-06 12:52:09"
67,"RT @3gerardpique:        https://t.co/l0ctSvB4CD",therealalofan,51,true,916360462454882304,925326404,"2017-10-06 12:52:14"
68,"RT @3gerardpique:        https://t.co/l0ctSvB4CD",Eldamdu87,1377,true,916360468549300224,2591827740,"2017-10-06 12:52:15"
69,"RT @3gerardpique:        https://t.co/l0ctSvB4CD",manaresmail2897,484,true,916360512006447104,797773401259655168,"2017-10-06 12:52:25"
70,"RT @3gerardpique:        https://t.co/l0ctSvB4CD",cinthya_beckham,1030,true,916360525159780353,716270995,"2017-10-06 12:52:29"
71,"RT @3gerardpique:        https://t.co/l0ctSvB4CD",DreMoreira23,2569,true,916360534840180736,1239903439,"2017-10-06 12:52:31"
72,"RT @3gerardpique:        https://t.co/l0ctSvB4CD",liliacosta_12,272,true,916360538317381632,3794794821,"2017-10-06 12:52:32"
73,"RT @3gerardpique:        https://t.co/l0ctSvB4CD",Andy_Geoffroy,190,true,916360539344863232,1048769300,"2017-10-06 12:52:32"
74,"@3gerardpique     ",manaresmail2897,484,false,916360547276410880,797773401259655168,"2017-10-06 12:52:34"
75,"RT @3gerardpique:        https://t.co/l0ctSvB4CD",InesAraujo_10,761,true,916360557653057541,843576104,"2017-10-06 12:52:36"
76,"RT @3gerardpique:        https://t.co/l0ctSvB4CD",BossAlcntr,604,true,916360559477579776,2159710910,"2017-10-06 12:52:37"
77,"@3gerardpique Una muerte de amor anunciada",FrancescJPico,48,false,916360582336532480,479764011,"2017-10-06 12:52:42"
78,"RT @AnthonyMartial: Thank you for your votes !     https://t.co/sowCp6GuVu",dat_guy_Otis,2730,true,916360613445754880,366163692,"2017-10-06 12:52:50"
79,"RT @3gerardpique:        https://t.co/l0ctSvB4CD",ksolanog2,3483,true,916360617631649798,235531794,"2017-10-06 12:52:51"
80,"RT @3gerardpique:        https://t.co/l0ctSvB4CD",Samikhufash,5,true,916360635411087361,756477647333519360,"2017-10-06 12:52:55"
81,"RT @3gerardpique:        https://t.co/l0ctSvB4CD",dhruvrastogi04,440,true,916360659368951808,3287271048,"2017-10-06 12:53:01"
82,"RT @AnthonyMartial: Thank you for your votes !     https://t.co/sowCp6GuVu",SulaimanAk7,242,true,916360661445246976,3196229511,"2017-10-06 12:53:01"
83,"RT @3gerardpique:        https://t.co/l0ctSvB4CD",ByronJTL,2998,true,916360669812858880,127614075,"2017-10-06 12:53:03"
84,"RT @AnthonyMartial: Thank you for your votes !     https://t.co/sowCp6GuVu",CrackerJayGH,78,true,916360678541275144,3444818243,"2017-10-06 12:53:05"
85,"RT @3gerardpique:        https://t.co/l0ctSvB4CD",MusicDanceA,213,true,916360695708602368,289656636,"2017-10-06 12:53:09"
86,"RT @3gerardpique:        https://t.co/l0ctSvB4CD",cproma55,21,true,916360711298830339,2480123906,"2017-10-06 12:53:13"
87,"RT @RomeluLukaku9: Another good day at @movetocure #Rehab https://t.co/H0d5kUvCHO",Evans_Enzymes,3813,true,916360723902664704,1254872574,"2017-10-06 12:53:16"
88,"RT @3gerardpique:        https://t.co/l0ctSvB4CD",dianeitaliaa,2087,true,916360725785927681,993622274,"2017-10-06 12:53:16"
89,"RT @3gerardpique:        https://t.co/l0ctSvB4CD",3piquejr,532,true,916360745209778177,782578500,"2017-10-06 12:53:21"
90,"RT @3gerardpique:        https://t.co/l0ctSvB4CD",Leonialler,588,true,916360763517915136,717822198740881409,"2017-10-06 12:53:25"
91,"RT @3gerardpique:        https://t.co/l0ctSvB4CD",lolo_sandigo29,3444,true,916360785861009408,535951594,"2017-10-06 12:53:31"
92,"RT @3gerardpique:        https://t.co/l0ctSvB4CD",Pathy_CRVG,1377,true,916360796149608453,69416921,"2017-10-06 12:53:33"
93,"RT @3gerardpique:        https://t.co/l0ctSvB4CD",EstefaniaGar21,249,true,916360807314751488,1705672687,"2017-10-06 12:53:36"
94,"RT @3gerardpique:        https://t.co/l0ctSvB4CD",Lila_ASM,1409,true,916360819645878272,3911069296,"2017-10-06 12:53:39"
95,"RT @3gerardpique:        https://t.co/l0ctSvB4CD",Rollins_P1,686,true,916360855914209281,497113862,"2017-10-06 12:53:47"
96,"RT @3gerardpique:        https://t.co/l0ctSvB4CD",MartiEstella,76,true,916360857189273601,2265599488,"2017-10-06 12:53:48"
97,"RT @D_DeGea: Ma ana todos juntos   vs    
@SeFutbol https://t.co/V3T8hsFfAu",Adarshrp47,97,true,916360857747185665,1633465598,"2017-10-06 12:53:48"
98,"RT @RomeluLukaku9: Another good day at @movetocure #Rehab https://t.co/H0d5kUvCHO",Jake_sammuels,145,true,916360867016474625,913482342131535872,"2017-10-06 12:53:50"
99,"RT @3gerardpique:        https://t.co/l0ctSvB4CD",sosofis_fc,1071,true,916360872775376896,1594741788,"2017-10-06 12:53:51"
100,"@3gerardpique no se queda @shakira   https://t.co/S6BRZ6nCNU",iibrah10,78,false,916360879167459328,938127146,"2017-10-06 12:53:53"
101,"RT @3gerardpique:        https://t.co/l0ctSvB4CD",_Messias100,37,true,916360886452752384,2947473640,"2017-10-06 12:53:55"
102,"RT @3gerardpique:        https://t.co/l0ctSvB4CD",zongo_girl,180,true,916360899757264896,2696924676,"2017-10-06 12:53:58"
103,"RT @3gerardpique:        https://t.co/l0ctSvB4CD",ShawtyA__,1373,true,916360910070964225,567715379,"2017-10-06 12:54:00"
104,"@3gerardpique @barcelonismobr @blinkabello mlr   por isso q n acredito em fofocas",vvsampaio,313,false,916360914177282048,300497027,"2017-10-06 12:54:01"
105,"RT @3gerardpique:        https://t.co/l0ctSvB4CD",lekkerdingclau,92,true,916360923509673985,1101476600,"2017-10-06 12:54:03"
106,"RT @3gerardpique:        https://t.co/l0ctSvB4CD",zachbueya,944,true,916360960671141888,3308123849,"2017-10-06 12:54:12"
107,"RT @3gerardpique:        https://t.co/l0ctSvB4CD",L_MyCorner,21,true,916360965045792771,3434913153,"2017-10-06 12:54:13"
108,"RT @3gerardpique:        https://t.co/l0ctSvB4CD",Bobzouz,201,true,916360966996144129,365400253,"2017-10-06 12:54:14"
109,"RT @3gerardpique:        https://t.co/l0ctSvB4CD",VaIverdismo,336,true,916360973639962625,748934324960067584,"2017-10-06 12:54:15"
110,"RT @3gerardpique:        https://t.co/l0ctSvB4CD",Batuhardaa,159,true,916360983278444545,745724245,"2017-10-06 12:54:18"
111,"RT @3gerardpique:        https://t.co/l0ctSvB4CD",ConJdeJoan,274,true,916360990048030721,1650409464,"2017-10-06 12:54:19"
112,"RT @3gerardpique:        https://t.co/l0ctSvB4CD",maswibilili,174,true,916360990312271872,24990711,"2017-10-06 12:54:19"
113,"RT @3gerardpique:        https://t.co/l0ctSvB4CD",HusseinFathy222,60,true,916361004002529281,3361439573,"2017-10-06 12:54:23"
114,"RT @3gerardpique:        https://t.co/l0ctSvB4CD",Orestes_Stark,84,true,916361011027902466,190523008,"2017-10-06 12:54:24"
115,"RT @neymarjr: Que Deus nos aben oe e nos proteja     
God belas and protect us      https://t.co/XXQk3Ah9uU",Eduardalovato16,512,true,916361017675993088,4204919488,"2017-10-06 12:54:26"
116,"RT @3gerardpique:        https://t.co/l0ctSvB4CD",lhpbrn,2442,true,916361027209580544,1573328881,"2017-10-06 12:54:28"
117,"RT @3gerardpique: Se queda. https://t.co/RtPHUr9iTH",ChrisGanjalez,985,true,916361037213028352,608330241,"2017-10-06 12:54:31"
118,"RT @3gerardpique:        https://t.co/l0ctSvB4CD",brittxtc,1674,true,916361052316725249,812381672,"2017-10-06 12:54:34"
119,"RT @Cristiano: THE FUTURE OF DENIM   Shop my  #CR7Denim collection now on https://t.co/Q0m8a6Jgtg @cr7limitless https://t.co/Oe5XYA1Nr4",olegarth,2292,true,916361054480994304,280926463,"2017-10-06 12:54:35"
120,"RT @3gerardpique:        https://t.co/l0ctSvB4CD",_ClaudiaI,1265,true,916361062114582529,127917284,"2017-10-06 12:54:37"
121,"RT @3gerardpique:        https://t.co/l0ctSvB4CD",SSelviSeda,92,true,916361073686609920,845242470,"2017-10-06 12:54:39"
122,"RT @3gerardpique:        https://t.co/l0ctSvB4CD",blairwaldnorf,5874,true,916361073963433984,1283841211,"2017-10-06 12:54:39"
123,"RT @3gerardpique:        https://t.co/l0ctSvB4CD",PDramera,133,true,916361079378317312,845361301450883074,"2017-10-06 12:54:41"
124,"RT @dwaitt: Soraya habla. Los v deos desmienten su argumentario. Este inicio del informativo de TV3 ha sido brillante.
 https://t.co/weI5FU ",ernestemomento,173,true,916361089516032000,312172486,"2017-10-06 12:54:43"
125,"RT @3gerardpique:        https://t.co/l0ctSvB4CD",anisdavies,571,true,916361160315809792,3643394723,"2017-10-06 12:55:00"
126,"@3gerardpique Jajaja los periodistas no dan una macho... Con alg n rumor acertara y luego a ponerse medallas .. que verg enza de gente",LeyendaViva,137,false,916361164828835840,1198315418,"2017-10-06 12:55:01"
127,"RT @3gerardpique:        https://t.co/l0ctSvB4CD",lea_walder,203,true,916361174874316800,2779045376,"2017-10-06 12:55:03"
128,"RT @3gerardpique:        https://t.co/l0ctSvB4CD",marmas21,126,true,916361175687925760,2786370682,"2017-10-06 12:55:04"
129,"@3gerardpique Meu casal     ",blairwaldnorf,5874,false,916361183736795136,1283841211,"2017-10-06 12:55:06"
130,"RT @3gerardpique:        https://t.co/l0ctSvB4CD",LuisMejia5,744,true,916361184001101825,244628527,"2017-10-06 12:55:06"
131,"RT @3gerardpique:        https://t.co/l0ctSvB4CD",fac9c2705be24ff,19,true,916361208223141890,3258827669,"2017-10-06 12:55:11"
132,"@3gerardpique Se queda? https://t.co/aiWJ1VLH05",valentinaaz_,935,false,916361209686962176,152386387,"2017-10-06 12:55:12"
133,"RT @3gerardpique:        https://t.co/l0ctSvB4CD",anapaularojo09,697,true,916361211037528064,1965975708,"2017-10-06 12:55:12"
134,"@neymarjr @miranda023 @DaniAlvesD2 @willianborges88 @gabrieljesus33 Entrega esse jogo #EntregaBrasil https://t.co/RP4A5oFlSz",Leozinh_TTI,785,false,916361211700183040,154718140,"2017-10-06 12:55:12"
135,"@neymarjr eres el mejor del planeta y de todas las galaxias conocidas, en Chile te queremos mucho. Porfa no le hagas ning n gol a Chilito",Astete815,575,false,916361214640267264,142380048,"2017-10-06 12:55:13"
136,"RT @Cristiano:        https://t.co/5qzZSLYeq9",AlexSalicio,5,true,916361222324330496,789583018197409796,"2017-10-06 12:55:15"
137,"RT @3gerardpique:        https://t.co/l0ctSvB4CD",amorcule777,95,true,916361225138827266,1211687202,"2017-10-06 12:55:15"
138,"RT @3gerardpique:        https://t.co/l0ctSvB4CD",henkyerik,63,true,916361228515205120,540074129,"2017-10-06 12:55:16"
139,"@neymarjr Baita legenda!! da at  de usar em todas as fotos se quiser",flavitors,238,false,916361270743453696,299984141,"2017-10-06 12:55:26"
140,"RT @3gerardpique:        https://t.co/l0ctSvB4CD",candice_72,316,true,916361279484366853,526787068,"2017-10-06 12:55:28"
141,"RT @3gerardpique:        https://t.co/l0ctSvB4CD",Dr_Zan_21,130,true,916361289835925505,99520595,"2017-10-06 12:55:31"
142,"RT @3gerardpique:        https://t.co/l0ctSvB4CD",Joana_FT9,681,true,916361303576530944,558986680,"2017-10-06 12:55:34"
143,"RT @3gerardpique:        https://t.co/l0ctSvB4CD",FernandoPaco7,276,true,916361309033254913,3047688205,"2017-10-06 12:55:35"
144,"RT @3gerardpique:        https://t.co/l0ctSvB4CD",Laurie_dml,53,true,916361311117824000,3360566386,"2017-10-06 12:55:36"
145,"RT @3gerardpique:        https://t.co/l0ctSvB4CD",Liwl__,280,true,916361330675929090,244555837,"2017-10-06 12:55:41"
146,"RT @3gerardpique:        https://t.co/l0ctSvB4CD",TheSwGo_,529,true,916361335839100928,480666025,"2017-10-06 12:55:42"
147,"RT @3gerardpique:        https://t.co/l0ctSvB4CD",NahirCastro25,962,true,916361342721953792,424313022,"2017-10-06 12:55:43"
148,"RT @3gerardpique:        https://t.co/l0ctSvB4CD",ArnauMonica,2,true,916361346517733376,804551178,"2017-10-06 12:55:44"
149,"RT @3gerardpique:        https://t.co/l0ctSvB4CD",sisiabouakil,368,true,916361348723957760,4141690426,"2017-10-06 12:55:45"
150,"@3gerardpique                         https://t.co/e5FCkIHiLP",EssiRMA,7534,false,916361350351290370,749758165,"2017-10-06 12:55:45"
151,"RT @3gerardpique:        https://t.co/l0ctSvB4CD",Anuskyy_,748,true,916361365467664384,2213077455,"2017-10-06 12:55:49"
152,"RT @3gerardpique:        https://t.co/l0ctSvB4CD",pacosanchez1905,205,true,916361365283098629,475889362,"2017-10-06 12:55:49"
153,"@3gerardpique @Verrattinho__6 @shakira se queda",RodolphePSG,620,false,916361367241809921,1278484764,"2017-10-06 12:55:49"
154,"RT @3gerardpique:        https://t.co/l0ctSvB4CD",JjctJuan29,2165,true,916361375462645761,3293377035,"2017-10-06 12:55:51"
155,"RT @3gerardpique:        https://t.co/l0ctSvB4CD",tsaj258,86,true,916361379438907394,2242227167,"2017-10-06 12:55:52"
156,"RT @3gerardpique:        https://t.co/l0ctSvB4CD",MselleJeanne,900,true,916361380902719489,1189775095,"2017-10-06 12:55:53"
157,"@3gerardpique @nbbegovic otroligt tungt och va pique just nu  ",ZanaEliassi,498,false,916361385667330050,484203584,"2017-10-06 12:55:54"
158,"RT @3gerardpique:        https://t.co/l0ctSvB4CD",tonillussa,80,true,916361432568123394,262709826,"2017-10-06 12:56:05"
159,"RT @3gerardpique:        https://t.co/l0ctSvB4CD",diegofrancis,332,true,916361435248320518,162823828,"2017-10-06 12:56:05"
160,"RT @julia_otero:  Alguien puede defender  esto? https://t.co/WOVIYCnmAS",RubaDePanams,857,true,916361451937333249,1676642671,"2017-10-06 12:56:09"
161,"RT @3gerardpique:        https://t.co/l0ctSvB4CD",rangeljubs,701,true,916361459961036807,103129123,"2017-10-06 12:56:11"
162,"RT @3gerardpique:        https://t.co/l0ctSvB4CD",mslamani79,5274,true,916361467577929728,2723616604,"2017-10-06 12:56:13"
163,"RT @3gerardpique:        https://t.co/l0ctSvB4CD",masslurp,1190,true,916361472866955264,255451733,"2017-10-06 12:56:14"
164,"RT @3gerardpique:        https://t.co/l0ctSvB4CD",AK017017,101,true,916361483675688962,315089204,"2017-10-06 12:56:17"
165,"RT @3gerardpique:        https://t.co/l0ctSvB4CD",mariacule1,231,true,916361486645284865,2401953811,"2017-10-06 12:56:18"
166,"RT @3gerardpique:        https://t.co/l0ctSvB4CD",JuanSacha10,262,true,916361503661592577,3369031527,"2017-10-06 12:56:22"
167,"RT @3gerardpique:        https://t.co/l0ctSvB4CD",lateralzeca,3809,true,916361516244488192,80013804,"2017-10-06 12:56:25"
168,"RT @3gerardpique:        https://t.co/l0ctSvB4CD",YAbuhilal,700,true,916361519776006144,975787836,"2017-10-06 12:56:26"
169,"RT @3gerardpique:        https://t.co/l0ctSvB4CD",MiguelezDaniel,1220,true,916361522728853504,755376499,"2017-10-06 12:56:26"
170,"RT @neymarjr: Que Deus nos aben oe e nos proteja     
God belas and protect us      https://t.co/XXQk3Ah9uU",musicas_tristes,4,true,916361523446124549,903460479552544768,"2017-10-06 12:56:27"
171,"RT @RafaVidalCasas: #CatalanRederendum otro votante del NO acosado y violentado por los de S  https://t.co/PKpL0h7bSR",RubaDePanams,857,true,916361526596001792,1676642671,"2017-10-06 12:56:27"
172,"RT @3gerardpique:        https://t.co/l0ctSvB4CD",rcklss_isaac,513,true,916361527631872000,2939036002,"2017-10-06 12:56:28"
173,"RT @3gerardpique:        https://t.co/l0ctSvB4CD",gresaasinani,732,true,916361544627294208,629414660,"2017-10-06 12:56:32"
174,"RT @RomeluLukaku9: Why you always hating from YG https://t.co/08JSb4gge4",nyaruiru_travis,135,true,916361550247710721,886996437401251840,"2017-10-06 12:56:33"
175,"RT @3gerardpique:        https://t.co/l0ctSvB4CD",analuizxa,2471,true,916361566798385152,470339893,"2017-10-06 12:56:37"
176,"@Cristiano @CR7limitless Saludos desde M xico  ",roymontoyac,28,false,916361569964933120,712025044004634624,"2017-10-06 12:56:38"
177,"RT @Cristiano: THE FUTURE OF DENIM   Shop my  #CR7Denim collection now on https://t.co/Q0m8a6Jgtg @cr7limitless https://t.co/Oe5XYA1Nr4",mskayeshajuance,433,true,916361574192881664,1335856836,"2017-10-06 12:56:39"
178,"RT @3gerardpique:        https://t.co/l0ctSvB4CD",VinKyenkyehene,1054,true,916361575161827328,2876867187,"2017-10-06 12:56:39"
179,"RT @3gerardpique:        https://t.co/l0ctSvB4CD",AleexxElNino,133,true,916361582678040576,133834102,"2017-10-06 12:56:41"
180,"RT @Cristiano:        https://t.co/5qzZSLYeq9",mskayeshajuance,433,true,916361583176986624,1335856836,"2017-10-06 12:56:41"
181,"RT @Cristiano: Read my story on @Playerstribune.
Find out more: https://t.co/kMPu6WwQKz
#Mercurial #CR7 #NikeFootball https://t.co/Hm6Dt18D ",mskayeshajuance,433,true,916361591557201920,1335856836,"2017-10-06 12:56:43"
182,"RT @Cristiano: A sneak peek into THE FUTURE OF DENIM   Shop my new #CR7Denim collection now on https://t.co/nRKYCXG1Za  ",mskayeshajuance,433,true,916361600805740544,1335856836,"2017-10-06 12:56:45"
183,"@3gerardpique AAAAAAAAAAAAAAAAA",lateralzeca,3809,false,916361609299267585,80013804,"2017-10-06 12:56:47"
184,"RT @3gerardpique:        https://t.co/l0ctSvB4CD",__Grounder,170,true,916361611081854976,909842252012417025,"2017-10-06 12:56:47"
185,"@3gerardpique  nims Gerard, estem al teu costat. Per cert, t'interesa una urna del refer ndum? jo en tinc una que m'agradaria vendre.",warsjuanki,0,false,916361611115487233,753260890846326784,"2017-10-06 12:56:47"
186,"RT @Cristiano: Estar s sempre connosco. Parab ns, pai. Parab ns, av .     https://t.co/3EljW0h4f7",mskayeshajuance,433,true,916361611274706944,1335856836,"2017-10-06 12:56:47"
187,"RT @3gerardpique:        https://t.co/l0ctSvB4CD",Cezaard,221,true,916361611274833920,172517447,"2017-10-06 12:56:47"
188,"RT @3gerardpique:        https://t.co/l0ctSvB4CD",prime_88,165,true,916361611916533760,608531287,"2017-10-06 12:56:48"
189,"RT @3gerardpique:        https://t.co/l0ctSvB4CD",EricRuzafa,10,true,916361615053901824,819857469581225984,"2017-10-06 12:56:48"
190,"RT @KAKA: Era mio primo derby e ho segnato mio primo gol con la maglia rossonera! Grazie Gattuso   https://t.co/2cfnm08oNM",Gabriel7220131,44,true,916361623027187712,3502780540,"2017-10-06 12:56:50"
191,"RT @Cristiano: I think Cris loves them more than I do!     Chapter 5: available now on https://t.co/WXiZU0RblO @nikefootball https://t.co/r ",mskayeshajuance,433,true,916361623853342720,1335856836,"2017-10-06 12:56:50"
192,"@3gerardpique @Joana_FT9 ent o n o se tinham separado?",notmashmel,2449,false,916361624663068672,354508892,"2017-10-06 12:56:51"
193,"RT @3gerardpique:        https://t.co/l0ctSvB4CD",jussaraajax,13856,true,916361628236636160,19670512,"2017-10-06 12:56:52"
194,"RT @Cristiano:    https://t.co/7dDGhK1pxZ",mskayeshajuance,433,true,916361631231221760,1335856836,"2017-10-06 12:56:52"
195,"RT @Cristiano: Match day tomorrow. Let s do this   #Mercurial #CR7 #NikeFootball 
available on https://t.co/gqzYq3gxeU, September  ",mskayeshajuance,433,true,916361639460347904,1335856836,"2017-10-06 12:56:54"
196,"RT @3gerardpique:        https://t.co/l0ctSvB4CD",HelloIsaMunhoz,408,true,916361645928210432,756691557152088064,"2017-10-06 12:56:56"
197,"RT @Cristiano:   https://t.co/20TDBRiQzK",mskayeshajuance,433,true,916361651623829504,1335856836,"2017-10-06 12:56:57"
198,"RT @3gerardpique:        https://t.co/l0ctSvB4CD",femiiba,320,true,916361653733724161,551813969,"2017-10-06 12:56:58"
199,"RT @3gerardpique:        https://t.co/l0ctSvB4CD",VianneyyK,257,true,916361688433266688,535744571,"2017-10-06 12:57:06"
200,"RT @3gerardpique:        https://t.co/l0ctSvB4CD",_raindancer,2243,true,916361690639413249,2483060122,"2017-10-06 12:57:06"
201,"RT @3gerardpique:        https://t.co/l0ctSvB4CD",manelgerie,5373,true,916361692421947392,1848841032,"2017-10-06 12:57:07"
202,"RT @3gerardpique:        https://t.co/l0ctSvB4CD",MessiniestaJr,551,true,916361697748766720,843232210627039232,"2017-10-06 12:57:08"
203,"RT @3gerardpique:        https://t.co/l0ctSvB4CD",Serchvg,326,true,916361699514515459,26417910,"2017-10-06 12:57:08"
204,"@3gerardpique desde almeria sigues siendo el mejor central dl mundo.
Despues quitate a bartomeu y su entorno. El madrid, futbolisticamente",davidmp72_david,3,false,916361710071664640,3029088443,"2017-10-06 12:57:11"
205,"RT @3gerardpique:        https://t.co/l0ctSvB4CD",Peplluu_7,623,true,916361769857310721,292401359,"2017-10-06 12:57:25"
206,"RT @3gerardpique:        https://t.co/l0ctSvB4CD",AjradiniMajda,735,true,916361775871938560,1728329700,"2017-10-06 12:57:27"
207,"@3gerardpique Bien por ti Piqu .. callando bocas y d ndonos pinceladas de realidad preciosas como ver a shakira...",ivanha72,16,false,916361782389862400,443042128,"2017-10-06 12:57:28"
208,"RT @3gerardpique:        https://t.co/l0ctSvB4CD",PaulaOrtizZ_,638,true,916361781844627462,108371408,"2017-10-06 12:57:28"
209,"RT @3gerardpique:        https://t.co/l0ctSvB4CD",pequenanika2010,432,true,916361797648769025,294769288,"2017-10-06 12:57:32"
210,"@3gerardpique  https://t.co/vRp7FEkpVW",GabinoStuyck,72,false,916361804514721792,1267096776,"2017-10-06 12:57:34"
211,"RT @3gerardpique:        https://t.co/l0ctSvB4CD",claraaznar98,674,true,916361807463440384,176736675,"2017-10-06 12:57:34"
212,"RT @3gerardpique:        https://t.co/l0ctSvB4CD",bfrnath,2988,true,916361814107181056,716846529877786624,"2017-10-06 12:57:36"
213,"RT @3gerardpique:        https://t.co/l0ctSvB4CD",Kary_SR29,1170,true,916361847120506881,488813997,"2017-10-06 12:57:44"
214,"RT @3gerardpique:        https://t.co/l0ctSvB4CD",mattmarco729,856,true,916361863427960833,3030888600,"2017-10-06 12:57:48"
215,"RT @3gerardpique:        https://t.co/l0ctSvB4CD",freddchurch,571,true,916361864375865345,719267564,"2017-10-06 12:57:48"
216,"RT @3gerardpique:        https://t.co/l0ctSvB4CD",Stoajoe20,272,true,916361869966880769,450844635,"2017-10-06 12:57:49"
217,"RT @3gerardpique:        https://t.co/l0ctSvB4CD",Deen_Khalliffa,1371,true,916361880310091777,129773576,"2017-10-06 12:57:52"
218,"RT @3gerardpique:        https://t.co/l0ctSvB4CD",gaabe_,1260,true,916361890409959424,26851023,"2017-10-06 12:57:54"
219,"RT @3gerardpique:        https://t.co/l0ctSvB4CD",solsantacruzc,564,true,916361903995318272,2279566014,"2017-10-06 12:57:57"
220,"RT @AnthonyMartial: Thank you for your votes !     https://t.co/sowCp6GuVu",njoti_,19813,true,916361904821555200,292235571,"2017-10-06 12:57:57"
221,"RT @3gerardpique:        https://t.co/l0ctSvB4CD",PereiraCelly,945,true,916361911100469248,223888043,"2017-10-06 12:57:59"
222,"RT @3gerardpique:        https://t.co/l0ctSvB4CD",Imathis76,197,true,916361961721524229,2432170062,"2017-10-06 12:58:11"
223,"RT @3gerardpique:        https://t.co/l0ctSvB4CD",DukyStainz,384,true,916361962996600832,446810975,"2017-10-06 12:58:11"
224,"RT @3gerardpique:        https://t.co/l0ctSvB4CD",ManonNGK,392,true,916361963915051008,520665733,"2017-10-06 12:58:12"
225,"RT @3gerardpique:        https://t.co/l0ctSvB4CD",bxtheve,2153,true,916362019586150400,349791370,"2017-10-06 12:58:25"
226,"RT @3gerardpique:        https://t.co/l0ctSvB4CD",_Ruthmilano,1771,true,916362024430526464,108887567,"2017-10-06 12:58:26"
227,"RT @3gerardpique:        https://t.co/l0ctSvB4CD",ebarroeta,199,true,916362026473213952,67073612,"2017-10-06 12:58:26"
228,"RT @3gerardpique:        https://t.co/l0ctSvB4CD",sebasics10,601,true,916362039735537665,312848780,"2017-10-06 12:58:30"
229,"RT @3gerardpique:        https://t.co/l0ctSvB4CD",_nicholasbayley,67,true,916362046278651904,749709844622389248,"2017-10-06 12:58:31"
230,"RT @3gerardpique:        https://t.co/l0ctSvB4CD",Feezybrown,1642,true,916362085570932736,546009973,"2017-10-06 12:58:41"
231,"RT @3gerardpique:        https://t.co/l0ctSvB4CD",ManonNGK,392,true,916362087416426499,520665733,"2017-10-06 12:58:41"
232,"RT @3gerardpique:        https://t.co/l0ctSvB4CD",ViscaParedes,1914,true,916362092063678464,1378860002,"2017-10-06 12:58:42"
233,"RT @3gerardpique:        https://t.co/l0ctSvB4CD",lgsrules,1748,true,916362096849321990,623631357,"2017-10-06 12:58:43"
234,"RT @3gerardpique:        https://t.co/l0ctSvB4CD",karlitosBarsa,183,true,916362111240101888,1388148734,"2017-10-06 12:58:47"
235,"RT @neymarjr: Que Deus nos aben oe e nos proteja     
God belas and protect us      https://t.co/XXQk3Ah9uU",AlmightyXaniel,173,true,916362128902066176,2567613104,"2017-10-06 12:58:51"
236,"RT @3gerardpique:        https://t.co/l0ctSvB4CD",MeBarrios10,38,true,916362144811311107,392150512,"2017-10-06 12:58:55"
237,"@3gerardpique Shippo   ",lgsrules,1748,false,916362145553637376,623631357,"2017-10-06 12:58:55"
238,"RT @3gerardpique:        https://t.co/l0ctSvB4CD",CarrikFCB,3310,true,916362151333330946,2527725781,"2017-10-06 12:58:56"
239,"RT @3gerardpique:        https://t.co/l0ctSvB4CD",twquisslara,315,true,916362158967066625,831242711705460736,"2017-10-06 12:58:58"
240,"RT @3gerardpique:        https://t.co/l0ctSvB4CD",ManuMen84,1788,true,916362178894159872,167177804,"2017-10-06 12:59:03"
241,"RT @WayneRooney:   https://t.co/Pog4xzA2vb",sephoraah2,18283,true,916362180387250177,796658866528415744,"2017-10-06 12:59:03"
242,"RT @3gerardpique:        https://t.co/l0ctSvB4CD",NourKhoury3,212,true,916362186766811136,543626559,"2017-10-06 12:59:05"
243,"RT @3gerardpique:        https://t.co/l0ctSvB4CD",MiKlDPZ,454,true,916362194748624896,3400631981,"2017-10-06 12:59:07"
244,"@neymarjr Solo recuerda los bellos momentos con @Alexis_Sanchez y las pesadillas qu  pasaste con ese tal Messi.
   https://t.co/0gDfjlg0Nx",pelao_acosta,4634,false,916362226814148608,755146621592170500,"2017-10-06 12:59:14"
245,"RT @3gerardpique:        https://t.co/l0ctSvB4CD",noahofcb__,652,true,916362230198931459,2501997456,"2017-10-06 12:59:15"
246,"RT @3gerardpique:        https://t.co/l0ctSvB4CD",BTSwaggy,1566,true,916362236263878657,159842514,"2017-10-06 12:59:16"
247,"RT @3gerardpique:        https://t.co/l0ctSvB4CD",LlopRoger,209,true,916362242815332352,421448102,"2017-10-06 12:59:18"
248,"RT @3gerardpique:        https://t.co/l0ctSvB4CD",Ar2rito0,16,true,916362250495160321,911315256147931142,"2017-10-06 12:59:20"
249,"@3gerardpique MUCHAS GRACIAS!!!        EL MEJOR EN EL MUNDO!!!!!",faqassim,19,false,916362255939272704,866239071038918657,"2017-10-06 12:59:21"
250,"RT @3gerardpique:        https://t.co/l0ctSvB4CD",A__L__I__,2076,true,916362256513986560,92589187,"2017-10-06 12:59:21"
251,"RT @3gerardpique:        https://t.co/l0ctSvB4CD",rizzoGDL,354,true,916362256769720320,254394636,"2017-10-06 12:59:21"
252,"RT @3gerardpique:        https://t.co/l0ctSvB4CD",Hesho_1,2078,true,916362258472677376,164527240,"2017-10-06 12:59:22"
253,"RT @Cristiano:        https://t.co/5qzZSLYeq9",Ar2rito0,16,true,916362264550223873,911315256147931142,"2017-10-06 12:59:23"
254,"RT @3gerardpique:        https://t.co/l0ctSvB4CD",xeniaamargant,536,true,916362266492186625,2304328875,"2017-10-06 12:59:24"
255,"RT @3gerardpique:        https://t.co/l0ctSvB4CD",BradleyManach,604,true,916362266643255296,1074167516,"2017-10-06 12:59:24"
256,"RT @3gerardpique:        https://t.co/l0ctSvB4CD",poopeylov,213,true,916362280085975045,4810750762,"2017-10-06 12:59:27"
257,"RT @3gerardpique:        https://t.co/l0ctSvB4CD",Arnaud_SF,286,true,916362294929522696,1042683618,"2017-10-06 12:59:30"
258,"RT @Cristiano: Read my story on @Playerstribune.
Find out more: https://t.co/kMPu6WwQKz
#Mercurial #CR7 #NikeFootball https://t.co/Hm6Dt18D ",annaliv97955909,20,true,916362297110605824,795292042758856704,"2017-10-06 12:59:31"
259,"RT @3gerardpique:        https://t.co/l0ctSvB4CD",Enrique_dMarz,126,true,916362300877045760,754336524,"2017-10-06 12:59:32"
260,"RT @3gerardpique:        https://t.co/l0ctSvB4CD",koffi88,78,true,916362311778160642,431135222,"2017-10-06 12:59:34"
261,"RT @3gerardpique:        https://t.co/l0ctSvB4CD",beydaestrada,749,true,916362335593283584,134940637,"2017-10-06 12:59:40"
262,"RT @3gerardpique:        https://t.co/l0ctSvB4CD",ejfortuno,3083,true,916362342048391168,52434429,"2017-10-06 12:59:42"
263,"RT @ManUtd: Our Player of the Month for September - @AnthonyMartial! https://t.co/bYDJPVwfso",26HL26,0,true,916362353767342081,914956613684953089,"2017-10-06 12:59:44"
264,"RT @neymarjr: Que Deus nos aben oe e nos proteja     
God belas and protect us      https://t.co/XXQk3Ah9uU",malin__mh,709,true,916362389200818177,718486417832288257,"2017-10-06 12:59:53"
265,"RT @3gerardpique:        https://t.co/l0ctSvB4CD",Cora_Malfoy,1659,true,916362390383611904,1014853332,"2017-10-06 12:59:53"
266,"RT @RomeluLukaku9: Another good day at @movetocure #Rehab https://t.co/H0d5kUvCHO",PurpleTorgos,201,true,916362390568144897,854510779,"2017-10-06 12:59:53"
267,"RT @3gerardpique:        https://t.co/l0ctSvB4CD",Bebolicious24,383,true,916362393583833088,2536598239,"2017-10-06 12:59:54"
268,"@3gerardpique Insh'Allah Shakira + Piqu  pour longtemps encore.",A__L__I__,2076,false,916362394267504640,92589187,"2017-10-06 12:59:54"
269,"RT @neymarjr: Bom dia Peruanos, Boa Tarde meu Brasil ...",crvgleali,486,true,916362416493072384,1065475454,"2017-10-06 12:59:59"
270,"RT @3gerardpique:        https://t.co/l0ctSvB4CD",PajeroHn,3742,true,916362418971955200,2157506099,"2017-10-06 13:00:00"
271,"RT @3gerardpique:        https://t.co/l0ctSvB4CD",MorenoToronto,92,true,916362426748162049,3017855513,"2017-10-06 13:00:02"
272,"RT @3gerardpique:        https://t.co/l0ctSvB4CD",wannatakeanapp,24,true,916362440052371456,714346267183173633,"2017-10-06 13:00:05"
273,"RT @3gerardpique:        https://t.co/l0ctSvB4CD",WendyCarolay21,127,true,916362450118815744,3431871951,"2017-10-06 13:00:07"
274,"RT @3gerardpique:        https://t.co/l0ctSvB4CD",jhonyabilbao,483,true,916362456292904965,416777980,"2017-10-06 13:00:09"
275,"RT @3gerardpique:        https://t.co/l0ctSvB4CD",joohermann,1497,true,916362458528436225,1430573070,"2017-10-06 13:00:09"
276,"RT @3gerardpique:        https://t.co/l0ctSvB4CD",DesiMaze,16,true,916362464475992064,835921003087806465,"2017-10-06 13:00:11"
277,"RT @3gerardpique:        https://t.co/l0ctSvB4CD",Carlosbg93,341,true,916362471992188928,140329674,"2017-10-06 13:00:13"
278,"RT @Cristiano: Un abrazo muy fuerte y solidario para Mexico https://t.co/Jr9FBdEI95",Gerardo_Gomez91,3,true,916362484231168000,911130214641610752,"2017-10-06 13:00:16"
279,"RT @3gerardpique:        https://t.co/l0ctSvB4CD",SprtJason,196,true,916362484646318082,1406062261,"2017-10-06 13:00:16"
280,"RT @3gerardpique:        https://t.co/l0ctSvB4CD",dudyyds,558,true,916362488454754305,2778652290,"2017-10-06 13:00:17"
281,"RT @Cristiano: So happy to be able to hold the two new loves of my life    https://t.co/FIY11aWQm9",Roubyhaythm,1805,true,916362491537580032,745765934829346816,"2017-10-06 13:00:17"
282,"RT @3gerardpique:        https://t.co/l0ctSvB4CD",Adria76007,4,true,916362504997101569,909177940549791744,"2017-10-06 13:00:21"
283,"RT @neymarjr: Que Deus nos aben oe e nos proteja      https://t.co/1DGuijo5k6",annaliv97955909,20,true,916362524722909185,795292042758856704,"2017-10-06 13:00:25"
284,"RT @3gerardpique:        https://t.co/l0ctSvB4CD",ElioDv5,38,true,916362556939350016,875161123049353216,"2017-10-06 13:00:33"
285,"RT @3gerardpique:        https://t.co/l0ctSvB4CD",ap_angelperez,4139,true,916362566368145408,208244871,"2017-10-06 13:00:35"
286,"RT @3gerardpique:        https://t.co/l0ctSvB4CD",seezzlerr,77,true,916362570285453313,778857555133030401,"2017-10-06 13:00:36"
287,"@3gerardpique se fue con  l https://t.co/CbNT1xWBcB",rafa_sramos7,9580,false,916362586135949312,1405903334,"2017-10-06 13:00:40"
288,"RT @3gerardpique:        https://t.co/l0ctSvB4CD",Ibrvhimv_13,77,true,916362591387226112,902309194312896512,"2017-10-06 13:00:41"
289,"@3gerardpique Se queda    ",der_tall8,410,false,916362591794028545,2166902849,"2017-10-06 13:00:41"
290,"RT @3gerardpique:        https://t.co/l0ctSvB4CD",NathanD_410,390,true,916362600010735619,2163690664,"2017-10-06 13:00:43"
291,"RT @3gerardpique:        https://t.co/l0ctSvB4CD",1899BARCAOMORT,168,true,916362604918067200,885663544884252672,"2017-10-06 13:00:44"
292,"RT @neymarjr: Que Deus nos aben oe e nos proteja     
God belas and protect us      https://t.co/XXQk3Ah9uU",annaliv97955909,20,true,916362605190664192,795292042758856704,"2017-10-06 13:00:44"
293,"RT @3gerardpique:        https://t.co/l0ctSvB4CD",joohermann,1497,true,916362630012571649,1430573070,"2017-10-06 13:00:50"
294,"RT @RomeluLukaku9: Another good day at @movetocure #Rehab https://t.co/H0d5kUvCHO",chuksgerald,590,true,916362630629076993,404421363,"2017-10-06 13:00:50"
295,"RT @3gerardpique:        https://t.co/l0ctSvB4CD",Marionatena1,46,true,916362641215549441,846020277007986688,"2017-10-06 13:00:53"
296,"RT @3gerardpique:        https://t.co/l0ctSvB4CD",gauthier_m9,765,true,916362651143426049,3352039565,"2017-10-06 13:00:55"
297,"RT @3gerardpique:        https://t.co/l0ctSvB4CD",Arnaud_SF,286,true,916362655681667073,1042683618,"2017-10-06 13:00:56"
298,"RT @3gerardpique:        https://t.co/l0ctSvB4CD",AnicaFerrero,1934,true,916362680432242688,16928193,"2017-10-06 13:01:02"
299,"RT @Cristiano:        https://t.co/5qzZSLYeq9",wLBallasz,724,true,916362709217792000,896768605152583681,"2017-10-06 13:01:09"
300,"RT @3gerardpique:        https://t.co/l0ctSvB4CD",paaaaulima,530,true,916362713131036673,974419057,"2017-10-06 13:01:10"
301,"RT @RomeluLukaku9: Another good day at @movetocure #Rehab https://t.co/H0d5kUvCHO",PM_Official10,159,true,916362745376886784,4304734403,"2017-10-06 13:01:18"
302,"RT @3gerardpique:        https://t.co/l0ctSvB4CD",jaop_9,130,true,916362777534529538,171867181,"2017-10-06 13:01:26"
303,"RT @3gerardpique:        https://t.co/l0ctSvB4CD",Nesdi_,676,true,916362778763579393,864332504,"2017-10-06 13:01:26"
304,"RT @3gerardpique:        https://t.co/l0ctSvB4CD",_matouffe,234,true,916362783943479296,2494390293,"2017-10-06 13:01:27"
305,"@3gerardpique llorona eres muy   https://t.co/JRnqS4d2fK",Elittista,314,false,916362791568789504,796414496952688640,"2017-10-06 13:01:29"
306,"RT @3gerardpique:        https://t.co/l0ctSvB4CD",BeKarolOficial,54,true,916362791795265536,810940396587118593,"2017-10-06 13:01:29"
307,"RT @3gerardpique:        https://t.co/l0ctSvB4CD",caroasortiz,295,true,916362799420465152,822623663468015619,"2017-10-06 13:01:31"
308,"RT @3gerardpique:        https://t.co/l0ctSvB4CD",Rquel31,373,true,916362800980811778,64212258,"2017-10-06 13:01:31"
309,"@cristiano 
... - https://t.co/cErbqUcGjX https://t.co/bXFv1fD5NL",Indigagss,2,false,916362807876169733,906810104430829569,"2017-10-06 13:01:33"
310,"RT @3gerardpique:        https://t.co/l0ctSvB4CD",She_Stoic,1987,true,916362812385103872,137675682,"2017-10-06 13:01:34"
311,"RT @3gerardpique:        https://t.co/l0ctSvB4CD",Karinagarcia_14,145,true,916362824993136641,1061724025,"2017-10-06 13:01:37"
312,"RT @RomeluLukaku9: Another good day at @movetocure #Rehab https://t.co/H0d5kUvCHO",dominicanovita,60,true,916362845163421696,44412299,"2017-10-06 13:01:42"
313,"RT @3gerardpique:        https://t.co/l0ctSvB4CD",pazmaryjane,16,true,916362866235723776,1942168669,"2017-10-06 13:01:47"
314,"RT @3gerardpique:        https://t.co/l0ctSvB4CD",Katia_comentaaf,619,true,916362878235693056,856984784698044421,"2017-10-06 13:01:50"
315,"RT @3gerardpique:        https://t.co/l0ctSvB4CD",estebandoria,129,true,916362880597024768,92129936,"2017-10-06 13:01:50"
316,"RT @3gerardpique:        https://t.co/l0ctSvB4CD",Layla_seabra,665,true,916362885374398464,349761747,"2017-10-06 13:01:51"
317,"RT @3gerardpique:        https://t.co/l0ctSvB4CD",Tcuelloburcet,25,true,916362891623886848,4688841253,"2017-10-06 13:01:53"
318,"RT @ManUtd: Our Player of the Month for September - @AnthonyMartial! https://t.co/bYDJPVwfso",dominicanovita,60,true,916362895755173888,44412299,"2017-10-06 13:01:54"
319,"RT @Cristiano: Read my story on @Playerstribune.
Find out more: https://t.co/kMPu6WwQKz
#Mercurial #CR7 #NikeFootball https://t.co/Hm6Dt18D ",zhImvy9AETEotct,3,true,916362910707998721,889937507139375107,"2017-10-06 13:01:57"
320,"@Cristiano Se pr pare pour mettre des buts au font du filet",ebenezer_degblo,0,false,916362918081564674,855410800865030145,"2017-10-06 13:01:59"
321,"RT @3gerardpique:        https://t.co/l0ctSvB4CD",soccerlover170,698,true,916362918870093824,1719837992,"2017-10-06 13:01:59"
322,"RT @neymarjr: Que Deus nos aben oe e nos proteja     
God belas and protect us      https://t.co/XXQk3Ah9uU",ArturwickCR7,18,true,916362925035663360,883013046649671680,"2017-10-06 13:02:01"
323,"RT @3gerardpique:        https://t.co/l0ctSvB4CD",83Juanmita,24,true,916362935232073729,851813399868698624,"2017-10-06 13:02:03"
324,"RT @3gerardpique:        https://t.co/l0ctSvB4CD",LucianaMp,468,true,916362935152279552,770361475,"2017-10-06 13:02:03"
325,"RT @neymarjr: Que Deus nos aben oe e nos proteja     
God belas and protect us      https://t.co/XXQk3Ah9uU",branquinha4,192,true,916362936960147456,286807260,"2017-10-06 13:02:04"
326,"RT @3gerardpique:        https://t.co/l0ctSvB4CD",MiriamDuulce,1097,true,916362944274927617,812872818,"2017-10-06 13:02:05"
327,"RT @Cristiano:        https://t.co/5qzZSLYeq9",Arrehca,13,true,916362974889115648,911317488302002176,"2017-10-06 13:02:13"
328,"@3gerardpique Pero c mo est n separados jajajajjaa , la prensa es de lo peor !!!",nanitahurtado,69,false,916362989124685825,362765221,"2017-10-06 13:02:16"
329,"RT @3gerardpique:        https://t.co/l0ctSvB4CD",mwriando,1310,true,916363020749672450,3239898436,"2017-10-06 13:02:24"
330,"RT @3gerardpique:        https://t.co/l0ctSvB4CD",Raitoish,365,true,916363027481546753,2231534204,"2017-10-06 13:02:25"
331,"RT @neymarjr: God bless      https://t.co/knAmdQqrwX",BilsaniO,117,true,916363066442436608,4633065256,"2017-10-06 13:02:34"
332,"RT @3gerardpique:        https://t.co/l0ctSvB4CD",Lugaco23,218,true,916363066958327808,84012201,"2017-10-06 13:02:35"
333,"RT @3gerardpique:        https://t.co/l0ctSvB4CD",Paquita92354697,0,true,916363131873644549,906770318831865856,"2017-10-06 13:02:50"
334,"RT @Cristiano:        https://t.co/5qzZSLYeq9",99Felixfj,1224,true,916363137401663488,1365832010,"2017-10-06 13:02:51"
335,"RT @3gerardpique:        https://t.co/l0ctSvB4CD",Mirtos5,8,true,916363143462445056,781061395,"2017-10-06 13:02:53"
336,"RT @RomeluLukaku9: Another good day at @movetocure #Rehab https://t.co/H0d5kUvCHO",MrSangotoki,1463,true,916363149997158401,206786622,"2017-10-06 13:02:54"
337,"@3gerardpique es verdad que Shakira se ha tomado en serio lo de la independencia y te ha dado puerta? #MirateLoDeQueNadieTeAguanteGerardo",Nonete_cirra,637,false,916363153189015553,213437765,"2017-10-06 13:02:55"
338,"@Cristiano You are FOOTBALL KING",IbrahimovRovsh1,0,false,916363168783446019,908565061693669376,"2017-10-06 13:02:59"
339,"@3gerardpique A qu  hora sale tu foto "Se queda"?  ",LeonDormid0,557,false,916363173992607744,119453152,"2017-10-06 13:03:00"
340,"RT @3gerardpique:        https://t.co/l0ctSvB4CD",marilianevesv,2407,true,916363191810183168,82101664,"2017-10-06 13:03:04"
341,"RT @3gerardpique:        https://t.co/l0ctSvB4CD",TVDandSmoldy,1293,true,916363216246181888,1035345751,"2017-10-06 13:03:10"
342,"@hazardeden10 future leader",Lateefluqman1,1,false,916363218859319296,915801170114998273,"2017-10-06 13:03:11"
343,"RT @3gerardpique:        https://t.co/l0ctSvB4CD",obada_jaradat,100,true,916363252698959872,545209378,"2017-10-06 13:03:19"
344,"RT @3gerardpique:        https://t.co/l0ctSvB4CD",fcbarcelonaa_a,79,true,916363255299366912,2963111829,"2017-10-06 13:03:19"
345,"RT @3gerardpique:        https://t.co/l0ctSvB4CD",Kevin_805_,493,true,916363265755832323,2880067171,"2017-10-06 13:03:22"
346,"RT @3gerardpique:        https://t.co/l0ctSvB4CD",Moose_dot,196,true,916363298588766215,761558461,"2017-10-06 13:03:30"
347,"RT @3gerardpique:        https://t.co/l0ctSvB4CD",ilsevianey5,198,true,916363301944156161,2941715763,"2017-10-06 13:03:31"
348,"RT @3gerardpique:        https://t.co/l0ctSvB4CD",pablopineyro11,413,true,916363307531063296,2694152358,"2017-10-06 13:03:32"
349,"RT @3gerardpique:        https://t.co/l0ctSvB4CD",coconach,7670,true,916363310655778816,369607951,"2017-10-06 13:03:33"
350,"RT @3gerardpique:        https://t.co/l0ctSvB4CD",Rogeriouss,15991,true,916363313776332800,46969283,"2017-10-06 13:03:33"
351,"RT @julia_otero:  Alguien puede defender  esto? https://t.co/WOVIYCnmAS",TheRealTization,525,true,916363320478793728,264744377,"2017-10-06 13:03:35"
352,"@3gerardpique     ",DSOUK73,34,false,916363356394741760,847402999706075137,"2017-10-06 13:03:44"
353,"@3gerardpique Me parece increible que opinen y destrozen relacciones mucho tiempo libre ..grande Pique",Tonicerocero1,15,false,916363381711540224,870902328051859456,"2017-10-06 13:03:50"
354,"@3gerardpique ABRA OS HATERS https://t.co/e3xfq6G0bX",robertadrm,184,false,916363405614813185,75569230,"2017-10-06 13:03:55"
355,"RT @Cristiano:        https://t.co/5qzZSLYeq9",MarioGiacosa,20,true,916363427077074945,4779264771,"2017-10-06 13:04:00"
356,"RT @vanesabenedicto: Verg enza, es lo q siento como periodista de TVE viendo el tratamiento sesgado q est  dando el Telediario. Esto es man ",TheRealTization,525,true,916363428725444608,264744377,"2017-10-06 13:04:01"
357,"RT @3gerardpique:        https://t.co/l0ctSvB4CD",bestesgacal,198,true,916363445284560897,1086810433,"2017-10-06 13:04:05"
358,"RT @3gerardpique:        https://t.co/l0ctSvB4CD",giovannyrusso,149,true,916363459540979713,35617167,"2017-10-06 13:04:08"
359,"@3gerardpique el madrid nos come la hegemon a q hemos tenido. 
La pol tica es otra cosa. 
De ellos, los politicos no fiarse.
Bisca bar a.",davidmp72_david,3,false,916363461264838656,3029088443,"2017-10-06 13:04:09"
360,"RT @3gerardpique:        https://t.co/l0ctSvB4CD",jumilch,56,true,916363469036941315,3202150973,"2017-10-06 13:04:10"
361,"RT @3gerardpique:        https://t.co/l0ctSvB4CD",mcgornagall,820,true,916363478641922050,2589628765,"2017-10-06 13:04:13"
362,"RT @ManUtd: Our Player of the Month for September - @AnthonyMartial! https://t.co/bYDJPVwfso",Adonay17Mejia,2624,true,916363483754778624,1529775060,"2017-10-06 13:04:14"
363,"RT @Cristiano:        https://t.co/5qzZSLYeq9",mwzta_yanju,193,true,916363491736543232,793168262573989888,"2017-10-06 13:04:16"
364,"@3gerardpique @shakira badman he still love her",RichTrapkiss,67,false,916363503925161984,2905265374,"2017-10-06 13:04:19"
365,"RT @3gerardpique:        https://t.co/l0ctSvB4CD",lopezestuardo31,683,true,916363507725144065,2910043467,"2017-10-06 13:04:20"
366,"RT @3gerardpique:        https://t.co/l0ctSvB4CD",ASAP_Ruby_,25,true,916363534086393856,844292384741568513,"2017-10-06 13:04:26"
367,"RT @3gerardpique:        https://t.co/l0ctSvB4CD",SarawutYathong1,0,true,916363555812683777,914893874413236224,"2017-10-06 13:04:31"
368,"@3gerardpique Chaval, creo q tendr s que aclarar a q bando perteneces xq sino as pitadas van a acabar con tu salud y con tu relaci n",Malonopeor,12,false,916363590491361281,2908971280,"2017-10-06 13:04:39"
369,"RT @3gerardpique:        https://t.co/l0ctSvB4CD",MarwaAbdulghni,2105,true,916363594324959238,2536201262,"2017-10-06 13:04:40"
370,"RT @3gerardpique:        https://t.co/l0ctSvB4CD",thewalkingteddy,3279,true,916363595646107649,526560173,"2017-10-06 13:04:41"
371,"RT @3gerardpique:        https://t.co/l0ctSvB4CD",elisabet_gomar,51,true,916363622510624768,3384246321,"2017-10-06 13:04:47"
372,"RT @KAKA: Testify live on Facebook    #Jesus https://t.co/5PHvDqvgfZ",jesuseur,842,true,916363623366381569,222895483,"2017-10-06 13:04:47"
373,"RT @Berlustinho:  Que un herido va hacia la ambulancia? PUES LE ATACAMOS OTRA VEZ https://t.co/ZJvqZyoMOV",IRENEBOSCH,242,true,916363623978688512,314430499,"2017-10-06 13:04:47"
374,"RT @3gerardpique:        https://t.co/l0ctSvB4CD",clara_prn,155,true,916363624280666112,2950956945,"2017-10-06 13:04:47"
375,"RT @3gerardpique:        https://t.co/l0ctSvB4CD",A7_khalid,368,true,916363627594240000,2423916505,"2017-10-06 13:04:48"
376,"RT @3gerardpique:        https://t.co/l0ctSvB4CD",dylvnbtn,89,true,916363628588257284,918672782,"2017-10-06 13:04:48"
377,"@3gerardpique                              ...              ..                   ...                               ",Hazarmikasa96,12,false,916363630345687041,892184721559605249,"2017-10-06 13:04:49"
378,"RT @3gerardpique:        https://t.co/l0ctSvB4CD",perryinpower,1561,true,916363640181321728,298528277,"2017-10-06 13:04:51"
379,"RT @3gerardpique:        https://t.co/l0ctSvB4CD",gealca_11,363,true,916363640772677632,776695638,"2017-10-06 13:04:51"
380,"RT @3gerardpique:        https://t.co/l0ctSvB4CD",JaviW14,259,true,916363664730583041,848200747,"2017-10-06 13:04:57"
381,"RT @3gerardpique:        https://t.co/l0ctSvB4CD",Ivii_Glz,278,true,916363671625801728,279826725,"2017-10-06 13:04:59"
382,"@neymarjr @DaniAlvesD2 @paulinhop8 @Phil_Coutinho @gabrieljesus33 ojo ahi jajajaja acusao!  https://t.co/dMpvsO28xw",EduuBelmonte,375,false,916363685257465858,191269607,"2017-10-06 13:05:02"
383,"RT @ManUtd: Our Player of the Month for September - @AnthonyMartial! https://t.co/bYDJPVwfso",Chicken_Dipper7,97,true,916363688193548288,359298015,"2017-10-06 13:05:03"
384,"RT @3gerardpique:        https://t.co/l0ctSvB4CD",nounuxx,2647,true,916363722511306753,230549496,"2017-10-06 13:05:11"
385,"@3gerardpique @BenGwayeh  le sale par le sale  ",Ebong14s,709,false,916363733835935751,388445491,"2017-10-06 13:05:14"
386,"RT @3gerardpique:        https://t.co/l0ctSvB4CD",RoberGuitar,342,true,916363746922123264,227080308,"2017-10-06 13:05:17"
387,"RT @neymarjr: ...sintomas de paixao...",raucst,796,true,916363751611404289,37289135,"2017-10-06 13:05:18"
388,"RT @3gerardpique:        https://t.co/l0ctSvB4CD",David09Santa,442,true,916363760243224576,235304089,"2017-10-06 13:05:20"
389,"RT @3gerardpique:        https://t.co/l0ctSvB4CD",JetoWimutti,84,true,916363762835193857,910211010,"2017-10-06 13:05:20"
390,"RT @3gerardpique:        https://t.co/l0ctSvB4CD",dr_jheberzm,267,true,916363767990116354,333119376,"2017-10-06 13:05:22"
391,"RT @3gerardpique:        https://t.co/l0ctSvB4CD",thaianemarrocos,1739,true,916363803268395013,56797698,"2017-10-06 13:05:30"
392,"RT @3gerardpique:        https://t.co/l0ctSvB4CD",4serry,238,true,916363807672463361,1028756460,"2017-10-06 13:05:31"
393,"RT @3gerardpique:        https://t.co/l0ctSvB4CD",PoleethAcosta,716,true,916363830304768000,269632139,"2017-10-06 13:05:37"
394,"@3gerardpique Em representes",Faus_,62,false,916363831705817090,119851549,"2017-10-06 13:05:37"
395,"RT @D_DeGea: Ma ana todos juntos   vs    
@SeFutbol https://t.co/V3T8hsFfAu",jaeiui,705,true,916363864853192704,109779384,"2017-10-06 13:05:45"
396,"RT @3gerardpique:        https://t.co/l0ctSvB4CD",Sofiiannn,683,true,916363884214345728,1958656134,"2017-10-06 13:05:49"
397,"RT @3gerardpique:        https://t.co/l0ctSvB4CD",raspercunepute,339,true,916363885460054017,3345466817,"2017-10-06 13:05:50"
398,"RT @Cristiano:    https://t.co/7dDGhK1pxZ",ParadaJace,30,true,916363901066919936,747291237334474753,"2017-10-06 13:05:53"
399,"RT @3gerardpique:        https://t.co/l0ctSvB4CD",jtobon9,352,true,916363908633513984,877743211,"2017-10-06 13:05:55"
400,"RT @3gerardpique:        https://t.co/l0ctSvB4CD",AlvaroOsta71,285,true,916363910214758401,416639769,"2017-10-06 13:05:56"
401,"RT @RomeluLukaku9: Another good day at @movetocure #Rehab https://t.co/H0d5kUvCHO",katemimethsela,829,true,916363911531601920,501874686,"2017-10-06 13:05:56"
402,"RT @3gerardpique:        https://t.co/l0ctSvB4CD",kattpr,978,true,916363912479674368,1201631618,"2017-10-06 13:05:56"
403,"RT @3gerardpique:        https://t.co/l0ctSvB4CD",ErasFeliu,190,true,916363914480414720,871645853102026752,"2017-10-06 13:05:57"
404,"RT @3gerardpique:        https://t.co/l0ctSvB4CD",Chato_Luis_305,290,true,916363920947912704,1014121633,"2017-10-06 13:05:58"
405,"RT @3gerardpique:        https://t.co/l0ctSvB4CD",AMessiSiempre,104,true,916363928409640960,825774839336140800,"2017-10-06 13:06:00"
406,"RT @3gerardpique:        https://t.co/l0ctSvB4CD",jos100837,5,true,916363934231400448,282376655,"2017-10-06 13:06:01"
407,"RT @3gerardpique:        https://t.co/l0ctSvB4CD",MarvinAnder21,1335,true,916363937775607808,443568773,"2017-10-06 13:06:02"
408,"RT @3gerardpique:        https://t.co/l0ctSvB4CD",Yalile21,697,true,916363972328198144,99394510,"2017-10-06 13:06:10"
409,"RT @3gerardpique:        https://t.co/l0ctSvB4CD",tmv0zil8,11,true,916363981174042624,893787396059344896,"2017-10-06 13:06:12"
410,"RT @3gerardpique:        https://t.co/l0ctSvB4CD",Serrano__14,361,true,916363991936569344,516937681,"2017-10-06 13:06:15"
411,"RT @3gerardpique:        https://t.co/l0ctSvB4CD",jullianamotaa,128,true,916364011788173312,48011998,"2017-10-06 13:06:20"
412,"RT @3gerardpique:        https://t.co/l0ctSvB4CD",judithcarulla,150,true,916364011981148161,197779143,"2017-10-06 13:06:20"
413,"RT @3gerardpique:        https://t.co/l0ctSvB4CD",Jamr22,601,true,916364024022994949,83424174,"2017-10-06 13:06:23"
414,"RT @3gerardpique:        https://t.co/l0ctSvB4CD",junioralbertoav,107,true,916364039357435905,2337353568,"2017-10-06 13:06:26"
415,"RT @3gerardpique:        https://t.co/l0ctSvB4CD",Maria_grilog,77,true,916364042805145600,4241351697,"2017-10-06 13:06:27"
416,"RT @3gerardpique:        https://t.co/l0ctSvB4CD",kasmi_nour,1100,true,916364058777063426,966359994,"2017-10-06 13:06:31"
417,"RT @RomeluLukaku9: Another good day at @movetocure #Rehab https://t.co/H0d5kUvCHO",aaabeljnr,961,true,916364079002013696,151889955,"2017-10-06 13:06:36"
418,"RT @3gerardpique:        https://t.co/l0ctSvB4CD",goso14,448,true,916364088996978688,600118081,"2017-10-06 13:06:38"
419,"RT @3gerardpique: Si el Bal n de Oro se diera al mejor jugador del mundo, Leo lo tendr a que haber ganado cada a o desde el 2009. Otro nive ",joarquinphoenix,1065,true,916364106965356544,3370262746,"2017-10-06 13:06:42"
420,"RT @3gerardpique:        https://t.co/l0ctSvB4CD",plabcn10,59,true,916364112187285504,2894419725,"2017-10-06 13:06:44"
421,"RT @3gerardpique:        https://t.co/l0ctSvB4CD",carmenfcb97,67,true,916364128306040832,885803288196730881,"2017-10-06 13:06:48"
422,"@WayneRooney trying to creep off after the Po Po have caught him driving a Beetle, with a chick that ain't named Co  https://t.co/fousQevmK0",DeeDeeBee333,997,false,916364205753815040,2482977852,"2017-10-06 13:07:06"
423,"RT @3gerardpique:        https://t.co/l0ctSvB4CD",PedroEscoval,189,true,916364258723680257,745324862,"2017-10-06 13:07:19"
424,"RT @RomeluLukaku9: Another good day at @movetocure #Rehab https://t.co/H0d5kUvCHO",tatevidrio,1075,true,916364276792782848,42132574,"2017-10-06 13:07:23"
425,"@neymarjr #EntregaBrasil",llllIlllIllllIl,149,false,916364293075079168,3089373375,"2017-10-06 13:07:27"
426,"@3gerardpique es el t pico ni o mal criado que quiere independizarse con el dinero d sus padres @hermanomayortv  https://t.co/rWfobotTUe",dnj_zaragoza,675,false,916364306488455168,4062628587,"2017-10-06 13:07:30"
427,"RT @3gerardpique:        https://t.co/l0ctSvB4CD",AzuryLR,497,true,916364322011533312,72720168,"2017-10-06 13:07:34"
428,"RT @3gerardpique:        https://t.co/l0ctSvB4CD",NadyaPP2_,846,true,916364327548014592,173266118,"2017-10-06 13:07:35"
429,"RT @3gerardpique:        https://t.co/l0ctSvB4CD",inesoncina,959,true,916364329389363201,591090209,"2017-10-06 13:07:36"
430,"RT @3gerardpique:        https://t.co/l0ctSvB4CD",ValentinLamare,349,true,916364336951648256,103600572,"2017-10-06 13:07:37"
431,"RT @3gerardpique:        https://t.co/l0ctSvB4CD",vonmarius1899,3817,true,916364358791434242,1310760883,"2017-10-06 13:07:43"
432,"RT @3gerardpique:        https://t.co/l0ctSvB4CD",talaalburny,971,true,916364359827443713,212619160,"2017-10-06 13:07:43"
433,"RT @D_DeGea: Ma ana todos juntos   vs    
@SeFutbol https://t.co/V3T8hsFfAu",nor3000,365,true,916364362264252417,234747894,"2017-10-06 13:07:43"
434,"RT @Cristiano: THE FUTURE OF DENIM   Shop my  #CR7Denim collection now on https://t.co/Q0m8a6Jgtg @cr7limitless https://t.co/Oe5XYA1Nr4",s_bharatwaj,3,true,916364375795015680,914196915553579008,"2017-10-06 13:07:47"
435,"RT @3gerardpique:        https://t.co/l0ctSvB4CD",MirkoCapaldi,852,true,916364410305818625,432861827,"2017-10-06 13:07:55"
436,"RT @3gerardpique:        https://t.co/l0ctSvB4CD",Weendy_,1773,true,916364416249147392,2669301589,"2017-10-06 13:07:56"
437,"RT @3gerardpique:        https://t.co/l0ctSvB4CD",__Nagiel,600,true,916364419218792448,620383190,"2017-10-06 13:07:57"
438,"RT @3gerardpique:        https://t.co/l0ctSvB4CD",GeorgeNjideka,963,true,916364424428118016,293016065,"2017-10-06 13:07:58"
439,"RT @3gerardpique:        https://t.co/l0ctSvB4CD",JA4vQMC40heR1Rx,236,true,916364425262718976,866015770014253057,"2017-10-06 13:07:58"
440,"RT @3gerardpique:        https://t.co/l0ctSvB4CD",JaviSilvani82,177,true,916364435043823617,1194619422,"2017-10-06 13:08:01"
441,"RT @3gerardpique:        https://t.co/l0ctSvB4CD",mechisanz_,259,true,916364448356544513,3990583949,"2017-10-06 13:08:04"
442,"RT @3gerardpique:        https://t.co/l0ctSvB4CD",djenebette,1863,true,916364467184848896,1246219244,"2017-10-06 13:08:08"
443,"@3gerardpique   Es su forma de desmentir lo de que se separan",cadionly,4295,false,916364487682351105,275156897,"2017-10-06 13:08:13"
444,"RT @RomeluLukaku9: Another good day at @movetocure #Rehab https://t.co/H0d5kUvCHO",Jarmah_jnr,570,true,916364489548795906,2373516766,"2017-10-06 13:08:14"
445,"RT @3gerardpique:        https://t.co/l0ctSvB4CD",msticspn,5964,true,916364490689667073,793168281444245505,"2017-10-06 13:08:14"
446,"RT @neymarjr: #carente",Criiiispb,308,true,916364500147765249,154969896,"2017-10-06 13:08:16"
447,"RT @3gerardpique:        https://t.co/l0ctSvB4CD",filsdusoleil_,2448,true,916364505394958341,318045775,"2017-10-06 13:08:17"
448,"RT @3gerardpique:        https://t.co/l0ctSvB4CD",Ballentines__,167,true,916364516333584384,550189598,"2017-10-06 13:08:20"
449,"RT @3gerardpique:        https://t.co/l0ctSvB4CD",Mauriciomtz1899,4,true,916364543386718208,813105002164133892,"2017-10-06 13:08:27"
450,"RT @3gerardpique:        https://t.co/l0ctSvB4CD",EclipseFootball,251,true,916364543705706497,1638765092,"2017-10-06 13:08:27"
451,"RT @3gerardpique:        https://t.co/l0ctSvB4CD",BlueTenTen,77,true,916364561388732416,255455744,"2017-10-06 13:08:31"
452,"RT @3gerardpique:        https://t.co/l0ctSvB4CD",xavispass,1215,true,916364571388104707,313615373,"2017-10-06 13:08:33"
453,"RT @3gerardpique:        https://t.co/l0ctSvB4CD",brunomantovanif,491,true,916364577859948544,2865564562,"2017-10-06 13:08:35"
454,"RT @3gerardpique:        https://t.co/l0ctSvB4CD",mr_cule10,955,true,916364599297011712,323503566,"2017-10-06 13:08:40"
455,"RT @3gerardpique:        https://t.co/l0ctSvB4CD",juanda435,14,true,916364608163729408,2234851487,"2017-10-06 13:08:42"
456,"RT @3gerardpique:        https://t.co/l0ctSvB4CD",APRM21,206,true,916364668716961793,254226127,"2017-10-06 13:08:56"
457,"RT @3gerardpique:        https://t.co/l0ctSvB4CD",ManAndGames,32,true,916364683912859653,2181845926,"2017-10-06 13:09:00"
458,"RT @3gerardpique:        https://t.co/l0ctSvB4CD",RamziEZZ,555,true,916364684202266625,1415335158,"2017-10-06 13:09:00"
459,"@3gerardpique @ferpaiper",mechisanz_,259,false,916364685980655617,3990583949,"2017-10-06 13:09:01"
460,"RT @3gerardpique:        https://t.co/l0ctSvB4CD",franer0223,29,true,916364715806416897,891122427073351680,"2017-10-06 13:09:08"
461,"RT @3gerardpique:        https://t.co/l0ctSvB4CD",Lluis93642,2,true,916364717467361280,893877429378445312,"2017-10-06 13:09:08"
462,"RT @3gerardpique:        https://t.co/l0ctSvB4CD",noeBg18,259,true,916364728762499072,781310982,"2017-10-06 13:09:11"
463,"RT @3gerardpique:        https://t.co/l0ctSvB4CD",irwinespinosa_,352,true,916364743333613568,420586221,"2017-10-06 13:09:14"
464,"RT @3gerardpique:        https://t.co/l0ctSvB4CD",FS__smile,1472,true,916364746504462336,2279488518,"2017-10-06 13:09:15"
465,"RT @3gerardpique:        https://t.co/l0ctSvB4CD",DazMaria,316,true,916364747175616517,295408049,"2017-10-06 13:09:15"
466,"RT @3gerardpique:        https://t.co/l0ctSvB4CD",DezNovo,197,true,916364747645313024,566642625,"2017-10-06 13:09:15"
467,"RT @RomeluLukaku9: Another good day at @movetocure #Rehab https://t.co/H0d5kUvCHO",Sweetness_Sage,281,true,916364750916866048,1219772174,"2017-10-06 13:09:16"
468,"RT @3gerardpique:        https://t.co/l0ctSvB4CD",feliperuiz90,55,true,916364751776681984,1625614273,"2017-10-06 13:09:16"
469,"RT @3gerardpique:        https://t.co/l0ctSvB4CD",hariano76,205,true,916364754578542592,122365855,"2017-10-06 13:09:17"
470,"RT @RomeluLukaku9: Another good day at @movetocure #Rehab https://t.co/H0d5kUvCHO",S6am50,2649,true,916364761335558144,2595712334,"2017-10-06 13:09:18"
471,"RT @3gerardpique:        https://t.co/l0ctSvB4CD",HaidyKataya,2309,true,916364786702651392,1034711804,"2017-10-06 13:09:25"
472,"RT @3gerardpique:        https://t.co/l0ctSvB4CD",sminoushhh,292,true,916364801068163077,4611709835,"2017-10-06 13:09:28"
473,"@neymarjr son gostozassssss o como se diga! #EntregaBrasil #ForaArgentina @BrasilSphera https://t.co/LKRuhtgAzM",prokyzz,176,false,916364808668278784,55661724,"2017-10-06 13:09:30"
474,"RT @3gerardpique:        https://t.co/l0ctSvB4CD",RRRozo,1250,true,916364849617260544,80620197,"2017-10-06 13:09:40"
475,"RT @D_DeGea: Ma ana todos juntos   vs    
@SeFutbol https://t.co/V3T8hsFfAu",Typhun,3667,true,916364860782534656,420972927,"2017-10-06 13:09:42"
476,"RT @3gerardpique:        https://t.co/l0ctSvB4CD",rubi_juliette,541,true,916364860035948544,848864551,"2017-10-06 13:09:42"
477,"RT @3gerardpique:        https://t.co/l0ctSvB4CD",foolekman,109,true,916364884887113729,754078143389036546,"2017-10-06 13:09:48"
478,"RT @3gerardpique:        https://t.co/l0ctSvB4CD",MehdiDz10,364,true,916364886145404929,767128314,"2017-10-06 13:09:48"
479,"RT @3gerardpique:        https://t.co/l0ctSvB4CD",PandaDembouz,2249,true,916364887550496768,118675784,"2017-10-06 13:09:49"
480,"RT @3gerardpique:        https://t.co/l0ctSvB4CD",_hoyquetevas,260,true,916364915669110786,700385886186426368,"2017-10-06 13:09:55"
481,"@3gerardpique Piqu  got hack",MartinMilord,31,false,916364927593517059,3366670252,"2017-10-06 13:09:58"
482,"RT @RomeluLukaku9: Another good day at @movetocure #Rehab https://t.co/H0d5kUvCHO",eliasmarcus9,97,true,916364930504429569,3370689243,"2017-10-06 13:09:59"
483,"RT @3gerardpique:        https://t.co/l0ctSvB4CD",haydeeFCB,74,true,916364941631873024,839620668597612545,"2017-10-06 13:10:01"
484,"@3gerardpique @Rhetta_Sukreben       ",PandaDembouz,2249,false,916364949978480641,118675784,"2017-10-06 13:10:03"
485,"@3gerardpique Pique Shakira sigue con usted  ",jxN72G1sIM7GVjq,592,false,916364950297206784,811691428422320128,"2017-10-06 13:10:04"
486,"RT @3gerardpique:        https://t.co/l0ctSvB4CD",Nmaryeme_,2819,true,916364963064745984,534743947,"2017-10-06 13:10:07"
1,"RT @Cristiano:        https://t.co/5qzZSLYeq9",Al_Barbosa22,426,true,916136154315001856,853081862792777728,"2017-10-05 22:00:54"
2,"RT @vanesabenedicto: Verg enza, es lo q siento como periodista de TVE viendo el tratamiento sesgado q est  dando el Telediario. Esto es man ",merrie_roth,8473,true,916136190373449728,796833939587497984,"2017-10-05 22:01:03"
3,"RT @neymarjr: https://t.co/6jbGOxnKtN",vanproosdykryst,2956,true,916136192353226752,819751892695781376,"2017-10-05 22:01:03"
4,"RT @neymarjr: Que Deus nos aben oe e nos proteja     
God belas and protect us      https://t.co/XXQk3Ah9uU",vepranaytej,36,true,916136204575244289,288096941,"2017-10-05 22:01:06"
5,"RT @D_DeGea: Ma ana todos juntos   vs    
@SeFutbol https://t.co/V3T8hsFfAu",Man_Utd_98,337,true,916136254672195584,451653543,"2017-10-05 22:01:18"
6,"@neymarjr critica condi  es de jogo em La Paz:  Desumano 
https://t.co/UQ75A8AJ87 https://t.co/UBckRvkbyO",placar,578968,false,916136255901126656,16350198,"2017-10-05 22:01:19"
7,"RT @neymarjr: Que Deus nos aben oe e nos proteja     
God belas and protect us      https://t.co/XXQk3Ah9uU",andythegoodman,520,true,916136286389276672,882139111,"2017-10-05 22:01:26"
8,"RT @Cristiano: THE FUTURE OF DENIM   Shop my  #CR7Denim collection now on https://t.co/Q0m8a6Jgtg @cr7limitless https://t.co/Oe5XYA1Nr4",jl_z1,984,true,916136360070795265,478355719,"2017-10-05 22:01:43"
9,"RT @neymarjr: Que Deus nos aben oe e nos proteja     
God belas and protect us      https://t.co/XXQk3Ah9uU",markhitossebast,229,true,916136454476136448,1633544874,"2017-10-05 22:02:06"
10,"RT @Cristiano:        https://t.co/5qzZSLYeq9",abdulhkeem_ali,71,true,916136459521929216,1514816713,"2017-10-05 22:02:07"
11,"RT @Cristiano:        https://t.co/5qzZSLYeq9",niphonchun,0,true,916136464231964672,910170589830057984,"2017-10-05 22:02:08"
12,"@LuisSuarez9 Grande Luisito j  estamos en R ssia 2018, Uruguay carajo",alfredo_landro,1,false,916136475607040000,916120268615094272,"2017-10-05 22:02:11"
13,"RT @AnthonyMartial: Ultra comfy    @FootLockerEU #approved https://t.co/HCX0fj7HRz",NamponKonkod,13,true,916136503276822528,902427152745766912,"2017-10-05 22:02:18"
14,"RT @Cristiano:        https://t.co/5qzZSLYeq9",marioquin_23,417,true,916136563557502976,2440851969,"2017-10-05 22:02:32"
15,"RT @Cristiano:        https://t.co/5qzZSLYeq9",DianaHdez35,851,true,916136586949087232,1869734804,"2017-10-05 22:02:37"
16,"@neymarjr @DaniAlvesD2 @paulinhop8 @gabrieljesus33     ",torpedo_soria,264,false,916136656289386496,197290711,"2017-10-05 22:02:54"
17,"RT @neymarjr: Que Deus nos aben oe e nos proteja     
God belas and protect us      https://t.co/XXQk3Ah9uU",ravikiran185,1146,true,916136668129779712,56988914,"2017-10-05 22:02:57"
18,"RT @neymarjr: Que Deus nos aben oe e nos proteja     
God belas and protect us      https://t.co/XXQk3Ah9uU",JoacoEscalante_,1040,true,916136721674317824,2733142118,"2017-10-05 22:03:10"
19,"RT @neymarjr: Que Deus nos aben oe e nos proteja     
God belas and protect us      https://t.co/XXQk3Ah9uU",owenkarimcruz10,54,true,916136760035434497,2877246116,"2017-10-05 22:03:19"
20,"RT @Cristiano:        https://t.co/5qzZSLYeq9",zelagio05,604,true,916136804943720448,92589046,"2017-10-05 22:03:29"
21,"@neymarjr @Phil_Coutinho https://t.co/ITcgr1hY4F",ArturoHerreraLo,4658,false,916136852872146945,410727564,"2017-10-05 22:03:41"
22,"RT @AnthonyMartial: Thank you for your votes !     https://t.co/sowCp6GuVu",PREM_Chaiwiwat,32,true,916136895284838400,810626509,"2017-10-05 22:03:51"
23,"@neymarjr o que te deixou mais sem ar ?",GutoBaptista,853,false,916136942408003585,78810287,"2017-10-05 22:04:02"
24,"RT @neymarjr: Que Deus nos aben oe e nos proteja     
God belas and protect us      https://t.co/XXQk3Ah9uU",JoseRamosReyes4,586,true,916136960267358208,987541812,"2017-10-05 22:04:06"
25,"@Cristiano 

Thank you Ronaldo for what she has done to the children of Egypt",ameed2017,172,false,916136988478238720,865602671729934339,"2017-10-05 22:04:13"
26,"RT @neymarjr: @",SrShikamaru,186,true,916136988645974016,787070831595773953,"2017-10-05 22:04:13"
27,"@neymarjr https://t.co/NvCIemJFOL

Brasil a o 97' salio campe n en La Paz-Bolivia, para ellos no fue inhumano jugar ac  jaja muerto!",carlosferari,14,false,916136998490066944,263900776,"2017-10-05 22:04:16"
28,"RT @neymarjr: Que Deus nos aben oe e nos proteja     
God belas and protect us      https://t.co/XXQk3Ah9uU",Makuwa14,9,true,916137017896923136,910188219790131200,"2017-10-05 22:04:20"
29,"RT @AnthonyMartial: Thank you for your votes !     https://t.co/sowCp6GuVu",ITS5ZALL,351,true,916137071948918785,726698552739536896,"2017-10-05 22:04:33"
30,"RT @Cristiano: THE FUTURE OF DENIM   Shop my  #CR7Denim collection now on https://t.co/Q0m8a6Jgtg @cr7limitless https://t.co/Oe5XYA1Nr4",lil_ronalda_7,448,true,916137114948968448,2202479280,"2017-10-05 22:04:43"
31,"RT @Cristiano: THE FUTURE OF DENIM   Shop my  #CR7Denim collection now on https://t.co/Q0m8a6Jgtg @cr7limitless https://t.co/Oe5XYA1Nr4",Justin15333908,7,true,916137161367441409,916085901721309184,"2017-10-05 22:04:54"
32,"RT @neymarjr: Deus   TOP",ambonecnb,445,true,916137188257083393,4186759282,"2017-10-05 22:05:01"
33,"RT @AnthonyMartial: Thank you for your votes !     https://t.co/sowCp6GuVu",ian30310,17,true,916137210595876864,2522464454,"2017-10-05 22:05:06"
34,"@Cristiano Gendong Si Kembar Bareng Anak https://t.co/CCgpqBqKCX #cumitweet",CumiTweet,28674,false,916137255403626497,93603423,"2017-10-05 22:05:17"
35,"RT @neymarjr: Que Deus nos aben oe e nos proteja     
God belas and protect us      https://t.co/XXQk3Ah9uU",corgosinhov,2340,true,916137288232554502,3015445575,"2017-10-05 22:05:25"
36,"@neymarjr acu rdense de esto y dejense ganar el martes    https://t.co/hQM6IdeTa8",ignaxo_vargas,1329,false,916137334676090880,184837938,"2017-10-05 22:05:36"
37,"RT @neymarjr: Que Deus nos aben oe e nos proteja   
God bless and protect us    https://t.co/RM1FsnLgLy",Hananetn,6032,true,916137354624163841,449358983,"2017-10-05 22:05:41"
38,"RT @neymarjr: Que Deus nos aben oe e nos proteja     
God belas and protect us      https://t.co/XXQk3Ah9uU",simelyportillo,444,true,916137360915685376,834328489,"2017-10-05 22:05:42"
39,"RT @neymarjr: #GaGaMilano @GaGaMilanoWorld https://t.co/abthpuzwqb",Celesteagus5,264,true,916137384571539456,884987163695362048,"2017-10-05 22:05:48"
40,"RT @neymarjr: Que Deus nos aben oe e nos proteja     
God belas and protect us      https://t.co/XXQk3Ah9uU",PedrinSFF,1615,true,916137428200673280,65742914,"2017-10-05 22:05:58"
41,"RT @Cristiano:        https://t.co/5qzZSLYeq9",angel_zamora99,330,true,916137427823218689,307069574,"2017-10-05 22:05:58"
42,"RT @LuisSuarez9: Partiendo a San Cristobal!!!! Prontos para ma ana      ! #JonathanUrretaviscaya #bentancur https://t.co/af7ldfQmc2",EmilyVignista1,4171,true,916137434278236161,2686013354,"2017-10-05 22:05:59"
43,"RT @LuisSuarez9: Como es de costumbre el equipo GANADOR de los picados     https://t.co/uKQtBk33yL",EmilyVignista1,4171,true,916137443757363200,2686013354,"2017-10-05 22:06:02"
44,"RT @LuisSuarez9: Mate and a nice talk with my friend @NicolasLodeiro https://t.co/mzfuogo3Ra",EmilyVignista1,4171,true,916137453567782912,2686013354,"2017-10-05 22:06:04"
45,"RT @LuisSuarez9: Mate y charla con mi amigo @NicolasLodeiro https://t.co/lJS5NmLEJS",EmilyVignista1,4171,true,916137463793545221,2686013354,"2017-10-05 22:06:07"
46,"RT @LuisSuarez9: Always ready with @adidasfootball    Siempre listo con adidas   #X17 #HereToCreate https://t.co/Y5165DDj2u",EmilyVignista1,4171,true,916137476506509313,2686013354,"2017-10-05 22:06:10"
47,"RT @LuisSuarez9: Don t grow so fast, my little one   ... Thank you for making us so happy each day beautiful. WE LOVE YOU    HAPPY B  ",EmilyVignista1,4171,true,916137484706287616,2686013354,"2017-10-05 22:06:12"
48,"RT @LuisSuarez9: No crezcas tan r pido, enano m o   ... Gracias por alegrarnos cada d a, hermoso. TE AMAMOS    FELIZ CUMPLE     https://t.c ",EmilyVignista1,4171,true,916137493057212419,2686013354,"2017-10-05 22:06:14"
49,"RT @LuisSuarez9: Vivamos un f tbol en paz y sin violencia, disfrutemos de este hermoso deporte en nuestro pa s. Respetemos a tod@s    ",EmilyVignista1,4171,true,916137500250435584,2686013354,"2017-10-05 22:06:15"
50,"RT @Cristiano:        https://t.co/5qzZSLYeq9",CollinsH1990,106,true,916137580558798848,760768396912914432,"2017-10-05 22:06:34"
51,"RT @D_DeGea: 3 more points and a clean sheet! Let's keep on. Next stop, Moscow   

3  puntos y porter a a 0  
Seguimos! Pr xima  ",Luckmanxz,211,true,916137613592948737,579695227,"2017-10-05 22:06:42"
52,"RT @AnthonyMartial: Thank you for your votes !     https://t.co/sowCp6GuVu",dery_seaferer,129,true,916137629321633792,864348648,"2017-10-05 22:06:46"
53,@Cristiano,JaisanNarynbek1,0,false,916137695398825984,912814012055867392,"2017-10-05 22:07:02"
54,"@hazardeden10 Tried to make a cool wallpaper hope you like it #ChelseaFC #CFC https://t.co/1syzGQHT7j",Bluebomb06YT,7,false,916137809018105856,898062147531358208,"2017-10-05 22:07:29"
55,"RT @Cristiano:        https://t.co/5qzZSLYeq9",Thibaudgrant,222,true,916137821689303040,1699274216,"2017-10-05 22:07:32"
56,"@neymarjr rompele el culo a @kingarturo23 el martes por favor! Obrigado!",rainero87,253,false,916137892422062080,2551467844,"2017-10-05 22:07:49"
57,"RT @Cristiano:        https://t.co/5qzZSLYeq9",Esparzza666S,1,true,916137892207931392,915061295098892288,"2017-10-05 22:07:49"
58,"RT @Cristiano:        https://t.co/5qzZSLYeq9",shafiqshahmi_,114,true,916137892765884416,899920860827467776,"2017-10-05 22:07:49"
59,"RT @AnthonyMartial: Thank you for your votes !     https://t.co/sowCp6GuVu",fyarkhan,288,true,916137895144054784,105145441,"2017-10-05 22:07:49"
60,"RT @Cristiano:        https://t.co/5qzZSLYeq9",wavy_IZANAMI,41,true,916137921371029504,3431943979,"2017-10-05 22:07:56"
61,"@neymarjr recuerda esto amigo     https://t.co/97Pa00Px60",alcanfeld,496,false,916137938215370753,331335056,"2017-10-05 22:08:00"
62,"RT @neymarjr: Que Deus nos aben oe e nos proteja     
God belas and protect us      https://t.co/XXQk3Ah9uU",shafiqshahmi_,114,true,916137952035479552,899920860827467776,"2017-10-05 22:08:03"
63,"RT @Cristiano:        https://t.co/5qzZSLYeq9",AllanLrmcf,806,true,916137996562452480,2877062775,"2017-10-05 22:08:14"
64,"RT @Cristiano:        https://t.co/5qzZSLYeq9",Matthaus_Costa,859,true,916138043408617472,2252041568,"2017-10-05 22:08:25"
65,"@neymarjr  tu   muito mito Neymagico",Vinny07djc,0,false,916138073423007744,916134797969420289,"2017-10-05 22:08:32"
66,"RT @Cristiano:        https://t.co/5qzZSLYeq9",NatyyValerio,353,true,916138108369989632,2493915737,"2017-10-05 22:08:40"
67,"RT @Cristiano:        https://t.co/5qzZSLYeq9",SoyMulambo,3535,true,916138110920089600,1691088487,"2017-10-05 22:08:41"
68,"@LuisSuarez9 Sin  nimos de dar pa atr s que bajito hoy...  Vamo arriba lucho te quiero como en el barca pap  vamo arriba",VilarNicolas,6,false,916138114439176192,871053832268206080,"2017-10-05 22:08:42"
69,"RT @neymarjr: ...sintomas de paixao...",_anaclarafr,499,true,916138148140331008,223255978,"2017-10-05 22:08:50"
70,"RT @Cristiano:        https://t.co/5qzZSLYeq9",sm1K_R_i,62,true,916138209532370945,705774401640402944,"2017-10-05 22:09:04"
71,"RT @Cristiano: THE FUTURE OF DENIM   Shop my  #CR7Denim collection now on https://t.co/Q0m8a6Jgtg @cr7limitless https://t.co/Oe5XYA1Nr4",71Kouta,340,true,916138231166525440,824276423380602880,"2017-10-05 22:09:09"
72,"RT @WayneRooney: My statement of apology - https://t.co/51WmrVDCev",robintimsz,8286,true,916138237009301504,796846392417337348,"2017-10-05 22:09:11"
73,"RT @Cristiano:        https://t.co/5qzZSLYeq9",SeolYong07,160,true,916138331813175296,842108912941842432,"2017-10-05 22:09:33"
74,"RT @KAKA: Era mio primo derby e ho segnato mio primo gol con la maglia rossonera! Grazie Gattuso   https://t.co/2cfnm08oNM",Milan_Vidd,566,true,916138423743782913,2197430054,"2017-10-05 22:09:55"
75,"@neymarjr porque sos tan lindo forro y la re puta que te re pario",lulineman_,899,false,916138461912068097,318662429,"2017-10-05 22:10:05"
76,"@Cristiano Super",Sayedabulkashi1,1,false,916138564227702784,910725511256588288,"2017-10-05 22:10:29"
77,"RT @Cristiano:        https://t.co/5qzZSLYeq9",LuisMa710,375,true,916138616509947904,291248514,"2017-10-05 22:10:41"
78,"RT @3gerardpique: ''Han actuado con profesionalidad y de modo proporcional y proporcionado''. https://t.co/FLHvhmwJ8L",lucianocampove5,20,true,916138634444705793,796822371277664257,"2017-10-05 22:10:46"
79,"@neymarjr iam from India please help me sir my greatest ambitions tobecome a wildlife photographer please help me to Buy Nikon D500 Dslr",AkhilRKrishnan9,6,false,916138689809457152,913941254215409664,"2017-10-05 22:10:59"
80,"@neymarjr @DaniAlvesD2 https://t.co/72Ivks7aOb",crisoff,247,false,916138694796611585,96870378,"2017-10-05 22:11:00"
81,"RT @AnthonyMartial: Thank you for your votes !     https://t.co/sowCp6GuVu",Capt_Braderson,304,true,916138736009826304,438805343,"2017-10-05 22:11:10"
82,"RT @neymarjr: God bless      https://t.co/knAmdQqrwX",Jackie_njr92,420,true,916138799242948608,1938805597,"2017-10-05 22:11:25"
83,"RT @neymarjr: Que Deus nos aben oe e nos proteja     
God belas and protect us      https://t.co/XXQk3Ah9uU",diegoAquino988,4,true,916138822118858752,868836941747322880,"2017-10-05 22:11:30"
84,"RT @Cristiano: THE FUTURE OF DENIM   Shop my  #CR7Denim collection now on https://t.co/Q0m8a6Jgtg @cr7limitless https://t.co/Oe5XYA1Nr4",Princesatriya,479,true,916138822164815873,279920057,"2017-10-05 22:11:30"
85,"RT @neymarjr:      https://t.co/YTErmOs4do",Jackie_njr92,420,true,916138851038511104,1938805597,"2017-10-05 22:11:37"
86,"@neymarjr @SporTV @andrizek @JuarezRoth https://t.co/ok0LJOQoMo",Guiponte,200,false,916139055078920192,84168436,"2017-10-05 22:12:26"
87,"RT @neymarjr: Que Deus nos aben oe e nos proteja     
God belas and protect us      https://t.co/XXQk3Ah9uU",seramanroy,337,true,916139114205921281,3116641123,"2017-10-05 22:12:40"
88,"RT @AnthonyMartial: Thank you for your votes !     https://t.co/sowCp6GuVu",kennedyrotich17,104,true,916139124649791488,3330826312,"2017-10-05 22:12:43"
89,"RT @neymarjr: #toputo rsrsrsrs",loolhara,15288,true,916139126713454592,267384368,"2017-10-05 22:12:43"
90,"RT @neymarjr: Que Deus nos aben oe e nos proteja     
God belas and protect us      https://t.co/XXQk3Ah9uU",pedro_alonso749,35,true,916139132090568704,888758994201972737,"2017-10-05 22:12:44"
91,"RT @Cristiano:        https://t.co/5qzZSLYeq9",ppunpunns,91,true,916139230274895873,3403483574,"2017-10-05 22:13:08"
92,"RT @KAKA: Um pouco da minha hist ria dentro e fora dos gramados em forma de par dia!!!        Valeu @FutParodias https://t.co/WvxswU1CAh",emmastar960,11060,true,916139245710036993,796694109859807232,"2017-10-05 22:13:11"
93,"RT @Cristiano:        https://t.co/5qzZSLYeq9",AdeyemoAyoade,162,true,916139283194499072,753178134,"2017-10-05 22:13:20"
94,"RT @neymarjr: Que Deus nos aben oe e nos proteja     
God belas and protect us      https://t.co/XXQk3Ah9uU",MarcosP19125407,140,true,916139295517364226,890051912451723265,"2017-10-05 22:13:23"
95,"RT @neymarjr: Muita fome !",maluizagarcia,611,true,916139328119681024,327766955,"2017-10-05 22:13:31"
96,"RT @neymarjr: Que Deus nos aben oe e nos proteja     
God belas and protect us      https://t.co/XXQk3Ah9uU",susuh_taina,845,true,916139352824205312,4420784488,"2017-10-05 22:13:37"
97,"RT @AnthonyMartial: Thank you for your votes !     https://t.co/sowCp6GuVu",RiantoSutarman,39,true,916139387368308736,1731965857,"2017-10-05 22:13:45"
98,"RT @neymarjr: Que Deus nos aben oe e nos proteja     
God belas and protect us      https://t.co/XXQk3Ah9uU",Showrresmo,389,true,916139414061047808,48026096,"2017-10-05 22:13:52"
99,"RT @AnthonyMartial: Thank you for your votes !     https://t.co/sowCp6GuVu",tolu_i,679,true,916139490212765697,356938722,"2017-10-05 22:14:10"
100,"RT @neymarjr: Acabo de completar "que famoso voc  parece?" e meu resultado foi: kesha! Experimente: http://bit.ly/ams3k4",MottaMario_,1598,true,916139614095790080,235607784,"2017-10-05 22:14:39"
101,"RT @AnthonyMartial: Thank you for your votes !     https://t.co/sowCp6GuVu",LegitLuo,270,true,916139648925216768,1021563408,"2017-10-05 22:14:48"
102,"@neymarjr tu eh o amor da minha vida mas volta pra bruna eu nunca te pedi nada",camila_testi,1658,false,916139658148483072,2209188869,"2017-10-05 22:14:50"
103,"RT @AnthonyMartial: Ultra comfy    @FootLockerEU #approved https://t.co/HCX0fj7HRz",tolu_i,679,true,916139697176481793,356938722,"2017-10-05 22:14:59"
104,"RT @Cristiano: THE FUTURE OF DENIM   Shop my  #CR7Denim collection now on https://t.co/Q0m8a6Jgtg @cr7limitless https://t.co/Oe5XYA1Nr4",BrownisMe,460,true,916139707486138368,4033699757,"2017-10-05 22:15:01"
105,"RT @Cristiano:        https://t.co/5qzZSLYeq9",jorgith_11,12,true,916139715379781637,892053486979997696,"2017-10-05 22:15:03"
106,"RT @neymarjr: pensando em algumas coisas =x Rsrs",_MadeInCu,2193,true,916139736384782336,2736441808,"2017-10-05 22:15:08"
107,"RT @neymarjr: Chateado, estou cansado de tudo !",sensesbizzle,3100,true,916139808614907905,3906498140,"2017-10-05 22:15:26"
108,"RT @neymarjr: Que Deus nos aben oe e nos proteja     
God belas and protect us      https://t.co/XXQk3Ah9uU",olly_uchiha,894,true,916139843658420224,325103119,"2017-10-05 22:15:34"
109,"RT @AnthonyMartial: Thank you for your votes !     https://t.co/sowCp6GuVu",MrKnuxter,205,true,916139875853914112,2162284234,"2017-10-05 22:15:42"
110,"RT @neymarjr: Que Deus nos aben oe e nos proteja     
God belas and protect us      https://t.co/XXQk3Ah9uU",yassbueno,1022,true,916139976248758272,2227838207,"2017-10-05 22:16:06"
111,"RT @Cristiano:        https://t.co/5qzZSLYeq9",abdbaasith,9,true,916139988265218048,888288695173791744,"2017-10-05 22:16:08"
112,"RT @neymarjr: Que Deus nos aben oe e nos proteja     
God belas and protect us      https://t.co/XXQk3Ah9uU",juliocesarsoria,1317,true,916140182293839872,125342214,"2017-10-05 22:16:55"
113,"RT @neymarjr: Que Deus nos aben oe e nos proteja     
God belas and protect us      https://t.co/XXQk3Ah9uU",PLAI_13,66,true,916140331233533952,2590786856,"2017-10-05 22:17:30"
114,"RT @neymarjr: Que Deus nos aben oe e nos proteja     
God belas and protect us      https://t.co/XXQk3Ah9uU",Fiorani20,254,true,916140349940215808,701078700406788096,"2017-10-05 22:17:35"
115,"RT @D_DeGea: Ma ana todos juntos   vs    
@SeFutbol https://t.co/V3T8hsFfAu",6Rotich,444,true,916140381863071744,3131043295,"2017-10-05 22:17:42"
116,"RT @neymarjr: Que Deus nos aben oe e nos proteja     
God belas and protect us      https://t.co/XXQk3Ah9uU",Michael_PrDa13,614,true,916140384165810176,768167412428668928,"2017-10-05 22:17:43"
117,"RT @neymarjr: Que Deus nos aben oe e nos proteja     
God belas and protect us      https://t.co/XXQk3Ah9uU",_lucascesarr1,307,true,916140392311074817,3408692343,"2017-10-05 22:17:45"
118,"RT @Cristiano:        https://t.co/5qzZSLYeq9",MehezabinOnonti,33,true,916140441480736768,905332624373170176,"2017-10-05 22:17:56"
119,"RT @neymarjr: Que Deus nos aben oe e nos proteja     
God belas and protect us      https://t.co/XXQk3Ah9uU",3gancho,1324,true,916140450704183297,3894250462,"2017-10-05 22:17:59"
120,"RT @Cristiano:        https://t.co/5qzZSLYeq9",Abdullahdraimli,1266,true,916140512884723718,1172732197,"2017-10-05 22:18:13"
121,"RT @neymarjr: Galera, estou meio sumido porque esqueci a senha do meu tt ... Rsrs",LuccasPapp,732,true,916140631159967748,73792956,"2017-10-05 22:18:42"
122,"@3gerardpique son once contra once el f tbol es asi. Piqu  y diez mas.",oscarjocamb,79,false,916140753746833408,516414588,"2017-10-05 22:19:11"
123,"RT @AnthonyMartial: Ultra comfy    @FootLockerEU #approved https://t.co/HCX0fj7HRz",bongkodfootball,18,true,916140770494636032,902430446784471040,"2017-10-05 22:19:15"
124,"RT @Cristiano: THE FUTURE OF DENIM   Shop my  #CR7Denim collection now on https://t.co/Q0m8a6Jgtg @cr7limitless https://t.co/Oe5XYA1Nr4",LeoorellanaCR7,432,true,916140811649138688,3270410412,"2017-10-05 22:19:25"
125,"RT @neymarjr: Minha vontade agora   de te ver ...",sccpuelton,458,true,916140828313161733,4285290016,"2017-10-05 22:19:29"
126,"RT @AnthonyMartial: Thank you for your votes !     https://t.co/sowCp6GuVu",ReneshJr,678,true,916140874853105666,763009214,"2017-10-05 22:19:40"
127,"RT @neymarjr: geral no quarto dan ando",abrassitos,58,true,916140909594599426,4571346741,"2017-10-05 22:19:48"
128,"RT @Cristiano:        https://t.co/5qzZSLYeq9",Rajisapotra,491,true,916140931744620545,295507436,"2017-10-05 22:19:53"
129,"RT @neymarjr: BATID O NO QUARTO TA DEMAIS !!!",abrassitos,58,true,916140945334243328,4571346741,"2017-10-05 22:19:57"
130,"@3gerardpique @3gerardpique Aparte de ser un grandioso futbolista, eres un ser digno de admiraci n, un verdadero ej  https://t.co/JqAySyh81d",_quierosaberlo,1,false,916140957669777408,915323422258946048,"2017-10-05 22:20:00"
131,"RT @AaronLennon12: Good win from the lads tonight, happy to get on the scoresheet and some more minutes under my belt #PreSeason #Toffees",kenander180,7142,true,916140973234839554,795748409424625664,"2017-10-05 22:20:03"
132,"RT @Cristiano:        https://t.co/5qzZSLYeq9",Maayaar10,2104,true,916141092378152961,1329804235,"2017-10-05 22:20:32"
133,"RT @Cristiano: THE FUTURE OF DENIM   Shop my  #CR7Denim collection now on https://t.co/Q0m8a6Jgtg @cr7limitless https://t.co/Oe5XYA1Nr4",Maayaar10,2104,true,916141115207757826,1329804235,"2017-10-05 22:20:37"
134,"RT @Cristiano: THE FUTURE OF DENIM   Shop my  #CR7Denim collection now on https://t.co/Q0m8a6Jgtg @cr7limitless https://t.co/Oe5XYA1Nr4",teuku_m_razi7,22,true,916141205657759744,878269088539197442,"2017-10-05 22:20:59"
135,"RT @Cristiano: THE FUTURE OF DENIM   Shop my  #CR7Denim collection now on https://t.co/Q0m8a6Jgtg @cr7limitless https://t.co/Oe5XYA1Nr4",Prabuddha277,449,true,916141218379075584,4578747569,"2017-10-05 22:21:02"
136,"RT @Cristiano:        https://t.co/5qzZSLYeq9",Cristiansiyus,478,true,916141244203626496,173586602,"2017-10-05 22:21:08"
137,"RT @neymarjr:      https://t.co/YTErmOs4do",sxrranoismyall,1708,true,916141249094193152,1272438535,"2017-10-05 22:21:09"
138,"RT @neymarjr: pensando em algumas coisas =x Rsrs",Danilopqsim,1849,true,916141317733998592,59524024,"2017-10-05 22:21:25"
139,"RT @neymarjr: Que Deus nos aben oe e nos proteja     
God belas and protect us      https://t.co/XXQk3Ah9uU",jesusostos02,539,true,916141323966595073,920182484,"2017-10-05 22:21:27"
140,"RT @neymarjr: pensando em algumas coisas =x Rsrs",brsontiller,367,true,916141332275621888,726163244486922240,"2017-10-05 22:21:29"
141,"RT @AnthonyMartial: Thank you for your votes !     https://t.co/sowCp6GuVu",law4sparks,748,true,916141387976007680,1842256909,"2017-10-05 22:21:42"
142,"RT @neymarjr: Triste demais !!",jadsonsc,734,true,916141393160044545,115989910,"2017-10-05 22:21:43"
143,"RT @neymarjr: Triste e Carente de Carinho..Sinto aqui no peito um Vazio em Mim .....",jadsonsc,734,true,916141429445025792,115989910,"2017-10-05 22:21:52"
144,"RT @D_DeGea: Ma ana todos juntos   vs    
@SeFutbol https://t.co/V3T8hsFfAu",Jaz_myly,701,true,916141460902133761,200186549,"2017-10-05 22:22:00"
145,"RT @Cristiano:        https://t.co/5qzZSLYeq9",HereAmani,10070,true,916141506364354560,555215439,"2017-10-05 22:22:10"
146,"RT @hazardeden10: Hello friends WIN this #CFC signed shirt! To win: 1) RT this post AND 2) Follow BOTH me and my official signing par  ",RummelW,475,true,916141507853332480,1076879815,"2017-10-05 22:22:11"
147,"RT @neymarjr: Sono, muito sono !",sccpuelton,458,true,916141530137743360,4285290016,"2017-10-05 22:22:16"
148,"RT @hazardeden10: There are 9 good reasons to be happy today, it's great to be back with my friends!! #belgianreddevils #family  ",RummelW,475,true,916141532029378560,1076879815,"2017-10-05 22:22:16"
149,"RT @AnthonyMartial: Thank you for your votes !     https://t.co/sowCp6GuVu",MehtaRishi13,14,true,916141562865778688,1225839943,"2017-10-05 22:22:24"
150,@Cristiano,DanielTllezRiv1,3,false,916141573104160770,916138188674084867,"2017-10-05 22:22:26"
151,"RT @hazardeden10: Congratulations @thiam_nafi another amazing performance #belgium #WorldChampionships2017 #London2017",RummelW,475,true,916141582327472128,1076879815,"2017-10-05 22:22:28"
152,"RT @Cristiano:        https://t.co/5qzZSLYeq9",JorgeGonzalezGo,1531,true,916141589604560897,103115369,"2017-10-05 22:22:30"
153,"RT @neymarjr: Vou dormir pessoal... Um beijo no cora  o de casa um, fiquem com Deus !",jadsonsc,734,true,916141613864321031,115989910,"2017-10-05 22:22:36"
154,"RT @neymarjr: Ae galerinha vou dormir !!! fiquem com Deus !!!
beijaooo",jadsonsc,734,true,916141642737963013,115989910,"2017-10-05 22:22:43"
155,"RT @hazardeden10: If I was taller I could play in goal! Well done to my big bro @thibautcourtois on the Golden Glove #cfc https://t.co/5TgS ",RummelW,475,true,916141651038490624,1076879815,"2017-10-05 22:22:45"
156,"RT @D_DeGea: Ma ana todos juntos   vs    
@SeFutbol https://t.co/V3T8hsFfAu",Carytosh,1280,true,916141672467173376,491882722,"2017-10-05 22:22:50"
157,"RT @Cristiano:        https://t.co/5qzZSLYeq9",diegomerchan254,23,true,916141718701051904,2728422604,"2017-10-05 22:23:01"
158,"RT @neymarjr: Que Deus nos aben oe e nos proteja     
God belas and protect us      https://t.co/XXQk3Ah9uU",Thaauaana_,1359,true,916141720986890240,1673897708,"2017-10-05 22:23:02"
159,"@AnthonyMartial @FootLockerEU Comfort is you netting winner against Pool.",SportyShubh,837,false,916141760941744128,3163479416,"2017-10-05 22:23:11"
160,"RT @Cristiano:        https://t.co/5qzZSLYeq9",qlfLF,747,true,916141796257918976,705971192423960576,"2017-10-05 22:23:19"
161,"RT @neymarjr: Que Deus nos aben oe e nos proteja     
God belas and protect us      https://t.co/XXQk3Ah9uU",JecsanDeSantos,125,true,916141868408115200,774791747792625664,"2017-10-05 22:23:37"
162,"RT @neymarjr: Que Deus nos aben oe e nos proteja     
God belas and protect us      https://t.co/XXQk3Ah9uU",neymarsrjoke,12,true,916141909755568128,915438599906062336,"2017-10-05 22:23:47"
163,"RT @neymarjr: God bless      https://t.co/knAmdQqrwX",neymarsrjoke,12,true,916141950184468485,915438599906062336,"2017-10-05 22:23:56"
164,"RT @neymarjr: Que Deus nos aben oe e nos proteja     
God belas and protect us      https://t.co/XXQk3Ah9uU",atayde7,402,true,916142002995068928,735629229489033216,"2017-10-05 22:24:09"
165,"RT @Cristiano:        https://t.co/5qzZSLYeq9",AnakDatukZan,1688,true,916142012713205760,1004332231,"2017-10-05 22:24:11"
166,"RT @neymarjr: Indo dormir .. Boa noite a todos, m e pai e irm  "amo voc s"",jadsonsc,734,true,916142032900579328,115989910,"2017-10-05 22:24:16"
167,"RT @AnthonyMartial: Thank you for your votes !     https://t.co/sowCp6GuVu",ronymutumbua,381,true,916142314275434497,2522186950,"2017-10-05 22:25:23"
168,"RT @Cristiano:        https://t.co/5qzZSLYeq9",LisbethRojas77,529,true,916142340468854786,2896439999,"2017-10-05 22:25:29"
169,"RT @Cristiano: THE FUTURE OF DENIM   Shop my  #CR7Denim collection now on https://t.co/Q0m8a6Jgtg @cr7limitless https://t.co/Oe5XYA1Nr4",Nadia150117,61,true,916142370973925376,2480388192,"2017-10-05 22:25:36"
170,"RT @neymarjr: Que Deus nos aben oe e nos proteja     
God belas and protect us      https://t.co/XXQk3Ah9uU",emishinoda,870,true,916142387847749632,756249967782756353,"2017-10-05 22:25:41"
171,"@Cristiano sells 2013 Ballon d Or for charity",ShafikRabby,14,false,916142428507201536,872158048378388481,"2017-10-05 22:25:50"
172,"RT @neymarjr: Que Deus nos aben oe e nos proteja     
God belas and protect us      https://t.co/XXQk3Ah9uU",Davidsilva_69,1682,true,916142465446428673,2498382521,"2017-10-05 22:25:59"
173,"RT @Cristiano: THE FUTURE OF DENIM   Shop my  #CR7Denim collection now on https://t.co/Q0m8a6Jgtg @cr7limitless https://t.co/Oe5XYA1Nr4",nancyruiz623,1161,true,916142532635054081,2943369700,"2017-10-05 22:26:15"
174,"RT @Cristiano:        https://t.co/5qzZSLYeq9",RamonQueiroz_,2181,true,916142571667312640,2619875981,"2017-10-05 22:26:24"
175,"RT @neymarjr: Que Deus nos aben oe e nos proteja     
God belas and protect us      https://t.co/XXQk3Ah9uU",ev_pereira,372,true,916142691574075392,1546268420,"2017-10-05 22:26:53"
176,"RT @Cristiano: THE FUTURE OF DENIM   Shop my  #CR7Denim collection now on https://t.co/Q0m8a6Jgtg @cr7limitless https://t.co/Oe5XYA1Nr4",AlfonsecaT_,221,true,916142705377394688,410142145,"2017-10-05 22:26:56"
